-- phpMyAdmin SQL Dump
-- version 5.0.2
-- https://www.phpmyadmin.net/
--
-- Host: db
-- Generation Time: Jun 06, 2021 at 11:40 AM
-- Server version: 10.5.6-MariaDB-1:10.5.6+maria~focal
-- PHP Version: 7.4.11

SET SQL_MODE = "NO_AUTO_VALUE_ON_ZERO";
START TRANSACTION;
SET time_zone = "+00:00";


/*!40101 SET @OLD_CHARACTER_SET_CLIENT=@@CHARACTER_SET_CLIENT */;
/*!40101 SET @OLD_CHARACTER_SET_RESULTS=@@CHARACTER_SET_RESULTS */;
/*!40101 SET @OLD_COLLATION_CONNECTION=@@COLLATION_CONNECTION */;
/*!40101 SET NAMES utf8mb4 */;

CREATE DATABASE IF NOT EXISTS `vjemmie` DEFAULT CHARACTER SET utf8mb4 COLLATE utf8mb4_general_ci;
USE `vjemmie`;


--
-- Database: `vjemmie`
--

-- --------------------------------------------------------

--
-- Table structure for table `GamingMoments`
--


CREATE TABLE `GamingMoments` (
  `userID` varchar(80) NOT NULL,
  `count` int(11) NOT NULL
) ENGINE=InnoDB DEFAULT CHARSET=utf8mb4;

--
-- Dumping data for table `GamingMoments`
--

INSERT INTO `GamingMoments` (`userID`, `count`) VALUES
('103890994440728576', 55),
('108282146002608128', 2),
('120917778889834496', 10),
('123875944661254144', 15),
('129896797442277376', 3),
('133697550623571969', 1),
('133706422767583232', 17),
('133875264995328000', 151),
('133877813773205505', 31),
('133908820815642624', 31),
('134812126844944385', 31),
('135071682917302272', 3),
('135374775592681472', 1),
('144845622464217088', 8),
('145595184799940608', 1),
('159807078767132673', 1),
('160561589475344384', 13),
('160853018881949697', 12),
('167665892111548416', 24),
('218311086565228546', 38),
('231438468495048704', 7),
('288028747896979458', 1),
('560501841255727115', 1),
('750568927826018354', 11);

-- --------------------------------------------------------

--
-- Table structure for table `Goodmorning`
--

CREATE TABLE `Goodmorning` (
  `id` int(11) NOT NULL,
  `target` varchar(2048) NOT NULL,
  `submitter` varchar(80) NOT NULL,
  `submitted` timestamp NOT NULL DEFAULT current_timestamp(),
  `submittedDouble` double NOT NULL
) ENGINE=InnoDB DEFAULT CHARSET=utf8mb4;

--
-- Dumping data for table `Goodmorning`
--

INSERT INTO `Goodmorning` (`id`, `target`, `submitter`, `submitted`, `submittedDouble`) VALUES
(26, 'Brazilian', '103890994440728576', '2021-06-06 09:07:55', 1604141601),
(27, 'British', '103890994440728576', '2021-06-06 09:07:55', 1604141601),
(28, 'Bruneian', '103890994440728576', '2021-06-06 09:07:55', 1604141601),
(29, 'Bulgarian', '103890994440728576', '2021-06-06 09:07:55', 1604141601),
(30, 'Burkinabe', '103890994440728576', '2021-06-06 09:07:55', 1604141601),
(31, 'Burmese', '103890994440728576', '2021-06-06 09:07:55', 1604141601),
(32, 'Burundian', '103890994440728576', '2021-06-06 09:07:55', 1604141601),
(33, 'Cambodian', '103890994440728576', '2021-06-06 09:07:55', 1604141601),
(34, 'Cameroonian', '103890994440728576', '2021-06-06 09:07:55', 1604141601),
(35, 'Canadian', '103890994440728576', '2021-06-06 09:07:55', 1604141601),
(36, 'Cape Verdean', '103890994440728576', '2021-06-06 09:07:55', 1604141601),
(37, 'Central African', '103890994440728576', '2021-06-06 09:07:55', 1604141601),
(38, 'Chadian', '103890994440728576', '2021-06-06 09:07:55', 1604141601),
(39, 'Chilean', '103890994440728576', '2021-06-06 09:07:55', 1604141601),
(40, 'Chinese', '103890994440728576', '2021-06-06 09:07:55', 1604141601),
(41, 'Colombian', '103890994440728576', '2021-06-06 09:07:55', 1604141601),
(42, 'Comoran', '103890994440728576', '2021-06-06 09:07:55', 1604141601),
(43, 'Congolese', '103890994440728576', '2021-06-06 09:07:55', 1604141601),
(44, 'Costa Rican', '103890994440728576', '2021-06-06 09:07:55', 1604141601),
(45, 'Croatian', '103890994440728576', '2021-06-06 09:07:55', 1604141601),
(46, 'Cuban', '103890994440728576', '2021-06-06 09:07:55', 1604141601),
(47, 'Cypriot', '103890994440728576', '2021-06-06 09:07:55', 1604141601),
(48, 'Czech', '103890994440728576', '2021-06-06 09:07:55', 1604141601),
(49, 'Danish', '103890994440728576', '2021-06-06 09:07:55', 1604141601),
(50, 'Djibouti', '103890994440728576', '2021-06-06 09:07:55', 1604141601),
(51, 'Dominican', '103890994440728576', '2021-06-06 09:07:55', 1604141601),
(52, 'Dutch', '103890994440728576', '2021-06-06 09:07:55', 1604141601),
(53, 'East Timorese', '103890994440728576', '2021-06-06 09:07:55', 1604141601),
(54, 'Ecuadorean', '103890994440728576', '2021-06-06 09:07:55', 1604141601),
(55, 'Egyptian', '103890994440728576', '2021-06-06 09:07:55', 1604141601),
(56, 'Emirian', '103890994440728576', '2021-06-06 09:07:55', 1604141601),
(57, 'Equatorial Guinean', '103890994440728576', '2021-06-06 09:07:55', 1604141601),
(58, 'Eritrean', '103890994440728576', '2021-06-06 09:07:55', 1604141601),
(59, 'Estonian', '103890994440728576', '2021-06-06 09:07:55', 1604141601),
(60, 'Ethiopian', '103890994440728576', '2021-06-06 09:07:55', 1604141601),
(61, 'Fijian', '103890994440728576', '2021-06-06 09:07:55', 1604141601),
(62, 'Filipino', '103890994440728576', '2021-06-06 09:07:55', 1604141601),
(63, 'Finnish', '103890994440728576', '2021-06-06 09:07:55', 1604141601),
(64, 'French', '103890994440728576', '2021-06-06 09:07:55', 1604141601),
(65, 'Gabonese', '103890994440728576', '2021-06-06 09:07:55', 1604141601),
(66, 'Gambian', '103890994440728576', '2021-06-06 09:07:55', 1604141601),
(67, 'Georgian', '103890994440728576', '2021-06-06 09:07:55', 1604141601),
(68, 'German', '103890994440728576', '2021-06-06 09:07:55', 1604141601),
(69, 'Ghanaian', '103890994440728576', '2021-06-06 09:07:55', 1604141601),
(70, 'Greek', '103890994440728576', '2021-06-06 09:07:55', 1604141601),
(71, 'Grenadian', '103890994440728576', '2021-06-06 09:07:55', 1604141601),
(72, 'Guatemalan', '103890994440728576', '2021-06-06 09:07:55', 1604141601),
(73, 'Guinea-Bissauan', '103890994440728576', '2021-06-06 09:07:55', 1604141601),
(74, 'Guinean', '103890994440728576', '2021-06-06 09:07:55', 1604141601),
(75, 'Guyanese', '103890994440728576', '2021-06-06 09:07:55', 1604141601),
(76, 'Haitian', '103890994440728576', '2021-06-06 09:07:55', 1604141601),
(77, 'Herzegovinian', '103890994440728576', '2021-06-06 09:07:55', 1604141601),
(78, 'Honduran', '103890994440728576', '2021-06-06 09:07:55', 1604141601),
(79, 'Hungarian', '103890994440728576', '2021-06-06 09:07:55', 1604141601),
(80, 'I-Kiribati', '103890994440728576', '2021-06-06 09:07:55', 1604141601),
(81, 'Icelander', '103890994440728576', '2021-06-06 09:07:55', 1604141601),
(82, 'Indian', '103890994440728576', '2021-06-06 09:07:55', 1604141601),
(83, 'Indonesian', '103890994440728576', '2021-06-06 09:07:55', 1604141601),
(84, 'Iranian', '103890994440728576', '2021-06-06 09:07:55', 1604141601),
(85, 'Iraqi', '103890994440728576', '2021-06-06 09:07:55', 1604141601),
(86, 'Irish', '103890994440728576', '2021-06-06 09:07:55', 1604141601),
(87, 'Israeli', '103890994440728576', '2021-06-06 09:07:55', 1604141601),
(88, 'Italian', '103890994440728576', '2021-06-06 09:07:55', 1604141601),
(89, 'Ivorian', '103890994440728576', '2021-06-06 09:07:55', 1604141601),
(90, 'Jamaican', '103890994440728576', '2021-06-06 09:07:55', 1604141601),
(91, 'Japanese', '103890994440728576', '2021-06-06 09:07:55', 1604141601),
(92, 'Jordanian', '103890994440728576', '2021-06-06 09:07:55', 1604141601),
(93, 'Kazakhstani', '103890994440728576', '2021-06-06 09:07:55', 1604141601),
(94, 'Kenyan', '103890994440728576', '2021-06-06 09:07:55', 1604141601),
(95, 'Kittian and Nevisian', '103890994440728576', '2021-06-06 09:07:55', 1604141601),
(96, 'Kuwaiti', '103890994440728576', '2021-06-06 09:07:55', 1604141601),
(97, 'Kyrgyz', '103890994440728576', '2021-06-06 09:07:55', 1604141601),
(98, 'Laotian', '103890994440728576', '2021-06-06 09:07:55', 1604141601),
(99, 'Latvian', '103890994440728576', '2021-06-06 09:07:55', 1604141601),
(100, 'Lebanese', '103890994440728576', '2021-06-06 09:07:55', 1604141601),
(101, 'Liberian', '103890994440728576', '2021-06-06 09:07:55', 1604141601),
(102, 'Libyan', '103890994440728576', '2021-06-06 09:07:55', 1604141601),
(103, 'Liechtensteiner', '103890994440728576', '2021-06-06 09:07:55', 1604141601),
(104, 'Lithuanian', '103890994440728576', '2021-06-06 09:07:55', 1604141601),
(105, 'Luxembourger', '103890994440728576', '2021-06-06 09:07:55', 1604141601),
(106, 'Macedonian', '103890994440728576', '2021-06-06 09:07:55', 1604141601),
(107, 'Malagasy', '103890994440728576', '2021-06-06 09:07:55', 1604141601),
(108, 'Malawian', '103890994440728576', '2021-06-06 09:07:55', 1604141601),
(109, 'Malaysian', '103890994440728576', '2021-06-06 09:07:55', 1604141601),
(110, 'Maldivian', '103890994440728576', '2021-06-06 09:07:55', 1604141601),
(111, 'Malian', '103890994440728576', '2021-06-06 09:07:55', 1604141601),
(112, 'Maltese', '103890994440728576', '2021-06-06 09:07:55', 1604141601),
(113, 'Marshallese', '103890994440728576', '2021-06-06 09:07:55', 1604141601),
(114, 'Mauritanian', '103890994440728576', '2021-06-06 09:07:55', 1604141601),
(115, 'Mauritian', '103890994440728576', '2021-06-06 09:07:55', 1604141601),
(116, 'Mexican', '103890994440728576', '2021-06-06 09:07:55', 1604141601),
(117, 'Micronesian', '103890994440728576', '2021-06-06 09:07:55', 1604141601),
(118, 'Moldovan', '103890994440728576', '2021-06-06 09:07:55', 1604141601),
(119, 'Monacan', '103890994440728576', '2021-06-06 09:07:55', 1604141601),
(120, 'Mongolian', '103890994440728576', '2021-06-06 09:07:55', 1604141601),
(121, 'Moroccan', '103890994440728576', '2021-06-06 09:07:55', 1604141601),
(122, 'Mosotho', '103890994440728576', '2021-06-06 09:07:55', 1604141601),
(123, 'Motswana', '103890994440728576', '2021-06-06 09:07:55', 1604141601),
(124, 'Mozambican', '103890994440728576', '2021-06-06 09:07:55', 1604141601),
(125, 'Namibian', '103890994440728576', '2021-06-06 09:07:55', 1604141601),
(126, 'Nauruan', '103890994440728576', '2021-06-06 09:07:55', 1604141601),
(127, 'Nepalese', '103890994440728576', '2021-06-06 09:07:55', 1604141601),
(128, 'New Zealander', '103890994440728576', '2021-06-06 09:07:55', 1604141601),
(129, 'Ni-Vanuatu', '103890994440728576', '2021-06-06 09:07:55', 1604141601),
(130, 'Nicaraguan', '103890994440728576', '2021-06-06 09:07:55', 1604141601),
(131, 'Nigerian', '103890994440728576', '2021-06-06 09:07:55', 1604141601),
(132, 'Nigerien', '103890994440728576', '2021-06-06 09:07:55', 1604141601),
(133, 'North Korean', '103890994440728576', '2021-06-06 09:07:55', 1604141601),
(134, 'Northern Irish', '103890994440728576', '2021-06-06 09:07:55', 1604141601),
(135, 'Norwegian', '103890994440728576', '2021-06-06 09:07:55', 1604141601),
(136, 'Omani', '103890994440728576', '2021-06-06 09:07:55', 1604141601),
(137, 'Pakistani', '103890994440728576', '2021-06-06 09:07:55', 1604141601),
(138, 'Palauan', '103890994440728576', '2021-06-06 09:07:55', 1604141601),
(139, 'Panamanian', '103890994440728576', '2021-06-06 09:07:55', 1604141601),
(140, 'Papua New Guinean', '103890994440728576', '2021-06-06 09:07:55', 1604141601),
(141, 'Paraguayan', '103890994440728576', '2021-06-06 09:07:55', 1604141601),
(142, 'Peruvian', '103890994440728576', '2021-06-06 09:07:55', 1604141601),
(143, 'Polish', '103890994440728576', '2021-06-06 09:07:55', 1604141601),
(144, 'Portuguese', '103890994440728576', '2021-06-06 09:07:55', 1604141601),
(145, 'Qatari', '103890994440728576', '2021-06-06 09:07:55', 1604141601),
(146, 'Romanian', '103890994440728576', '2021-06-06 09:07:55', 1604141601),
(147, 'Russian', '103890994440728576', '2021-06-06 09:07:55', 1604141601),
(148, 'Rwandan', '103890994440728576', '2021-06-06 09:07:55', 1604141601),
(149, 'Saint Lucian', '103890994440728576', '2021-06-06 09:07:55', 1604141601),
(150, 'Salvadoran', '103890994440728576', '2021-06-06 09:07:55', 1604141601),
(151, 'Samoan', '103890994440728576', '2021-06-06 09:07:55', 1604141601),
(152, 'San Marinese', '103890994440728576', '2021-06-06 09:07:55', 1604141601),
(153, 'Sao Tomean', '103890994440728576', '2021-06-06 09:07:55', 1604141601),
(154, 'Saudi', '103890994440728576', '2021-06-06 09:07:55', 1604141601),
(155, 'Scottish', '103890994440728576', '2021-06-06 09:07:55', 1604141601),
(156, 'Senegalese', '103890994440728576', '2021-06-06 09:07:55', 1604141601),
(157, 'Serbian', '103890994440728576', '2021-06-06 09:07:55', 1604141601),
(158, 'Seychellois', '103890994440728576', '2021-06-06 09:07:55', 1604141601),
(159, 'Sierra Leonean', '103890994440728576', '2021-06-06 09:07:55', 1604141601),
(160, 'Singaporean', '103890994440728576', '2021-06-06 09:07:55', 1604141601),
(161, 'Slovakian', '103890994440728576', '2021-06-06 09:07:55', 1604141601),
(162, 'Slovenian', '103890994440728576', '2021-06-06 09:07:55', 1604141601),
(163, 'Solomon Islander', '103890994440728576', '2021-06-06 09:07:55', 1604141601),
(164, 'Somali', '103890994440728576', '2021-06-06 09:07:55', 1604141601),
(165, 'South African', '103890994440728576', '2021-06-06 09:07:55', 1604141601),
(166, 'South Korean', '103890994440728576', '2021-06-06 09:07:55', 1604141601),
(167, 'Spanish', '103890994440728576', '2021-06-06 09:07:55', 1604141601),
(168, 'Sri Lankan', '103890994440728576', '2021-06-06 09:07:55', 1604141601),
(169, 'Sudanese', '103890994440728576', '2021-06-06 09:07:55', 1604141601),
(170, 'Surinamer', '103890994440728576', '2021-06-06 09:07:55', 1604141601),
(171, 'Swazi', '103890994440728576', '2021-06-06 09:07:55', 1604141601),
(172, 'Swedish', '103890994440728576', '2021-06-06 09:07:55', 1604141601),
(173, 'Swiss', '103890994440728576', '2021-06-06 09:07:55', 1604141601),
(174, 'Syrian', '103890994440728576', '2021-06-06 09:07:55', 1604141601),
(175, 'Taiwanese', '103890994440728576', '2021-06-06 09:07:55', 1604141601),
(176, 'Tajik', '103890994440728576', '2021-06-06 09:07:55', 1604141601),
(177, 'Tanzanian', '103890994440728576', '2021-06-06 09:07:55', 1604141601),
(178, 'Thai', '103890994440728576', '2021-06-06 09:07:55', 1604141601),
(179, 'Togolese', '103890994440728576', '2021-06-06 09:07:55', 1604141601),
(180, 'Tongan', '103890994440728576', '2021-06-06 09:07:55', 1604141601),
(181, 'Trinidadian or Tobagonian', '103890994440728576', '2021-06-06 09:07:55', 1604141601),
(182, 'Tunisian', '103890994440728576', '2021-06-06 09:07:55', 1604141601),
(183, 'Turkish', '103890994440728576', '2021-06-06 09:07:55', 1604141601),
(184, 'Tuvaluan', '103890994440728576', '2021-06-06 09:07:55', 1604141601),
(185, 'Ugandan', '103890994440728576', '2021-06-06 09:07:55', 1604141601),
(186, 'Ukrainian', '103890994440728576', '2021-06-06 09:07:55', 1604141601),
(187, 'Uruguayan', '103890994440728576', '2021-06-06 09:07:55', 1604141601),
(188, 'Uzbekistani', '103890994440728576', '2021-06-06 09:07:55', 1604141601),
(189, 'Venezuelan', '103890994440728576', '2021-06-06 09:07:55', 1604141601),
(190, 'Vietnamese', '103890994440728576', '2021-06-06 09:07:55', 1604141601),
(191, 'Welsh', '103890994440728576', '2021-06-06 09:07:55', 1604141601),
(192, 'Yemenite', '103890994440728576', '2021-06-06 09:07:55', 1604141601),
(193, 'Zambian', '103890994440728576', '2021-06-06 09:07:55', 1604141601),
(194, 'Zimbabwean', '103890994440728576', '2021-06-06 09:07:55', 1604141601),
(195, 'Dog Nonces', '103890994440728576', '2021-06-06 09:07:55', 1604141601),
(196, 'Verdanskian', '103890994440728576', '2021-06-06 09:07:55', 1604141601),
(197, 'Loiners', '103890994440728576', '2021-06-06 09:07:55', 1604141601),
(198, 'Kentish', '103890994440728576', '2021-06-06 09:07:55', 1604141601),
(199, 'Swedistani', '103890994440728576', '2021-06-06 09:07:55', 1604143686),
(200, 'Nibbas', '103890994440728576', '2021-06-06 09:07:55', 1604143776),
(201, 'People Who Stream World Of Warcraft For A Living', '103890994440728576', '2021-06-06 09:07:55', 1605608902),
(202, 'Day Raiders', '103890994440728576', '2021-06-06 09:07:55', 1605740784),
(203, 'English', '103890994440728576', '2021-06-06 09:07:55', 1605823003),
(204, 'Nonce', '108282146002608128', '2021-06-06 09:07:55', 1607337587),
(205, 'Khunee\'S Dad', '123875944661254144', '2021-06-06 09:07:55', 1607337687),
(206, 'Hugo\'S Oven Burgers', '108282146002608128', '2021-06-06 09:07:55', 1607337716),
(207, 'Emil Radinger Household', '144845622464217088', '2021-06-06 09:07:55', 1607338287),
(208, 'Raddy', '218311086565228546', '2021-06-06 09:07:55', 1607339137),
(209, 'Melee Players', '160853018881949697', '2021-06-06 09:07:55', 1607339234),
(210, 'Ranged Players', '160853018881949697', '2021-06-06 09:07:55', 1607339244),
(211, 'Rad\'s Bedsheets', '103890994440728576', '2021-06-06 09:07:55', 1607339638),
(212, 'Sean', '218311086565228546', '2021-06-06 09:07:55', 1607339840),
(213, 'Beanpole', '144845622464217088', '2021-06-06 09:07:55', 1607340346),
(214, 'Tank Players', '231438468495048704', '2021-06-06 09:07:55', 1607340455),
(215, 'Margaret Thatcher', '123875944661254144', '2021-06-06 09:07:55', 1607340496),
(216, 'Drjay', '218311086565228546', '2021-06-06 09:07:55', 1607341246),
(217, 'Templars', '133875264995328000', '2021-06-06 09:07:55', 1607341504),
(218, 'Dumb Hungover Musicians', '133875264995328000', '2021-06-06 09:07:55', 1607341558),
(219, 'People Playing Shadowlands', '108282146002608128', '2021-06-06 09:07:55', 1607341972),
(220, 'Final Fantasy Players', '144845622464217088', '2021-06-06 09:07:55', 1607342483),
(221, 'People Listening To Jpop', '133875264995328000', '2021-06-06 09:07:55', 1607342505),
(222, 'People Who Ragequit Discords Over Character Names', '123875944661254144', '2021-06-06 09:07:55', 1607342532),
(223, 'Weebs', '160853018881949697', '2021-06-06 09:07:55', 1607342595),
(224, 'People With Demon Sleep Schedules', '218311086565228546', '2021-06-06 09:07:55', 1607343235),
(225, 'Sexual Harassers', '133875264995328000', '2021-06-06 09:07:55', 1607343322),
(226, 'Finalbosstv', '144845622464217088', '2021-06-06 09:07:55', 1607343871),
(227, 'Gypsies', '103890994440728576', '2021-06-06 09:07:55', 1607344403),
(228, 'Chiggas', '103890994440728576', '2021-06-06 09:07:55', 1607344461),
(229, 'Night Fae', '133877813773205505', '2021-06-06 09:07:55', 1607344923),
(230, 'Ferdy', '108282146002608128', '2021-06-06 09:07:55', 1607346472),
(231, 'Viewers Of The Kungentv Twitch Channel', '144845622464217088', '2021-06-06 09:07:55', 1607346755),
(232, 'Shuff', '218311086565228546', '2021-06-06 09:07:55', 1607347069),
(233, 'Wow Developers', '103890994440728576', '2021-06-06 09:07:55', 1607347840),
(234, 'Greek Hunters', '103890994440728576', '2021-06-06 09:07:55', 1607347848),
(235, 'People Who Know What The Weather Will Be Like Tomorrow', '218311086565228546', '2021-06-06 09:07:55', 1607347971),
(236, 'Cowboys At Ram Ranch', '103890994440728576', '2021-06-06 09:07:55', 1607348015),
(237, 'Makers Of The Ardenweald World Quests', '144845622464217088', '2021-06-06 09:07:55', 1607349665),
(238, 'People With Santa Hats On Their Discord Pic', '133877813773205505', '2021-06-06 09:07:55', 1607349984),
(239, 'Members Of This Discord', '133875264995328000', '2021-06-06 09:07:55', 1607350109),
(240, 'People With Racist Mugs', '218311086565228546', '2021-06-06 09:07:55', 1607350209),
(241, 'People With Anime Profile Pictures', '133875264995328000', '2021-06-06 09:07:55', 1607350269),
(242, 'People With Selfie Profile Pictures', '123875944661254144', '2021-06-06 09:07:55', 1607350624),
(243, 'People With Profile Pictures From The Series Utopia', '133875264995328000', '2021-06-06 09:07:55', 1607350673),
(244, 'Pest Control John', '218311086565228546', '2021-06-06 09:07:55', 1607352557),
(245, 'Corona', '218311086565228546', '2021-06-06 09:07:55', 1607352593),
(246, 'Le Pòggere', '133875264995328000', '2021-06-06 09:07:55', 1607357274),
(247, 'The Lead Singer Of Lostprophets', '120917778889834496', '2021-06-06 09:07:55', 1607357302),
(248, 'Sam The sexual predator Ward', '123875944661254144', '2021-06-06 09:07:55', 1607357620),
(249, 'Rads Little Cumslut', '167665892111548416', '2021-06-06 09:07:55', 1607357785),
(250, 'People Who Bought Cyberpunk 2077', '103890994440728576', '2021-06-06 09:07:55', 1607360370),
(251, 'People Who Killed The Ricardo Milos Meme', '103890994440728576', '2021-06-06 09:07:55', 1607360438),
(252, 'Tiktokers', '103890994440728576', '2021-06-06 09:07:55', 1607360461),
(253, 'Valorant Players', '103890994440728576', '2021-06-06 09:07:55', 1607360505),
(254, 'People Who Use Voice Activation', '133877813773205505', '2021-06-06 09:07:55', 1607360534),
(255, 'Discord Light Mode Users', '103890994440728576', '2021-06-06 09:07:55', 1607360588),
(256, 'Smash Bros Players', '103890994440728576', '2021-06-06 09:07:55', 1607360809),
(257, 'Speedrunners', '103890994440728576', '2021-06-06 09:07:55', 1607360812),
(258, 'Manchester United Fans', '144845622464217088', '2021-06-06 09:07:55', 1607360842),
(259, 'Var Refs', '108282146002608128', '2021-06-06 09:07:55', 1607360871),
(260, 'Reddit Moderators', '103890994440728576', '2021-06-06 09:07:55', 1607360937),
(261, 'Towelliee', '103890994440728576', '2021-06-06 09:07:55', 1607361008),
(262, 'People Born North Of Birmingham', '120917778889834496', '2021-06-06 09:07:55', 1607361090),
(263, 'Mobs In Perdition Hold', '120917778889834496', '2021-06-06 09:07:55', 1607361222),
(264, 'Maw', '133875264995328000', '2021-06-06 09:07:55', 1607361247),
(265, 'Yer Maw', '120917778889834496', '2021-06-06 09:07:55', 1607361278),
(266, 'People From Bristol', '160853018881949697', '2021-06-06 09:07:55', 1607361695),
(267, 'Window Lickers', '133875264995328000', '2021-06-06 09:07:55', 1607361723),
(268, 'The Woman What Put That Cat In The Wheelie Bin', '120917778889834496', '2021-06-06 09:07:55', 1607361991),
(269, 'Everyone Who Is Not Friends With Derek Lorgokz Landqvist', '218311086565228546', '2021-06-06 09:07:55', 1607362849),
(270, '40 Naked Niggas In The Cockship', '103890994440728576', '2021-06-06 09:07:55', 1607382839),
(271, 'Racist Swedish Gamers', '103890994440728576', '2021-06-06 09:07:55', 1607382904),
(272, 'Sanguino Players', '103890994440728576', '2021-06-06 09:07:55', 1607383065),
(273, 'People Who Post Artwork On The Wow Subreddit', '103890994440728576', '2021-06-06 09:07:55', 1607383113),
(274, 'Gayniggers From Outer Space', '103890994440728576', '2021-06-06 09:07:55', 1607433246),
(275, 'Shaman Players Of Pfm', '103890994440728576', '2021-06-06 09:07:55', 1607433284),
(276, 'Cryptocurrency Enthusiasts', '103890994440728576', '2021-06-06 09:07:55', 1607433333),
(277, 'Bug-eyed Nibba Ion Hazzikostas', '103890994440728576', '2021-06-06 09:07:55', 1607433369),
(278, 'Chinese Kid That Rad\'s Family Is Supporting', '103890994440728576', '2021-06-06 09:07:55', 1607433492),
(279, 'People Who Rush A', '103890994440728576', '2021-06-06 09:07:55', 1607433530),
(280, 'Hardstylers', '103890994440728576', '2021-06-06 09:07:55', 1607730707),
(281, 'Tekk', '167665892111548416', '2021-06-06 09:07:55', 1607906563),
(282, 'Spastic Retarded Who Created The Sanguine Depths, Fuck That Nonce', '218311086565228546', '2021-06-06 09:07:55', 1607939092),
(283, 'Waxors', '135071682917302272', '2021-06-06 09:07:55', 1607942488),
(284, 'Romanian Boomkins That Starfall', '133908820815642624', '2021-06-06 09:07:55', 1607942593),
(285, 'Slith And Duck', '218311086565228546', '2021-06-06 09:07:55', 1607948274),
(286, 'Burger Brain Ranged Players', '218311086565228546', '2021-06-06 09:07:55', 1607948294),
(287, 'People Without Top 100 Exp', '231438468495048704', '2021-06-06 09:07:55', 1607949169),
(288, 'Mnm World First On Air Talent', '108282146002608128', '2021-06-06 09:07:55', 1608026572),
(289, 'Methodjosh\'s Brother Khunee', '103890994440728576', '2021-06-06 09:07:55', 1608027750),
(290, 'Kungen', '103890994440728576', '2021-06-06 09:07:55', 1608028107),
(291, 'Day raiders', '123875944661254144', '2021-06-06 09:07:55', 1608126173),
(292, 'Overtime Raiders', '231438468495048704', '2021-06-06 09:07:55', 1608247580),
(293, 'Four Esports', '159807078767132673', '2021-06-06 09:07:55', 1608247740),
(294, '<@167665892111548416>', '218311086565228546', '2021-06-06 09:07:55', 1608287152),
(295, '<@!144845622464217088>', '218311086565228546', '2021-06-06 09:07:55', 1608293907),
(296, '<@231438468495048704>', '218311086565228546', '2021-06-06 09:07:55', 1608293922),
(297, '<@!133706422767583232>', '218311086565228546', '2021-06-06 09:07:55', 1608293937),
(298, '<@!123875944661254144>', '218311086565228546', '2021-06-06 09:07:55', 1608293943),
(299, '<@!133875264995328000>', '218311086565228546', '2021-06-06 09:07:55', 1608293950),
(300, '<@!160853018881949697>', '218311086565228546', '2021-06-06 09:07:55', 1608293956),
(301, '<@!218311086565228546>', '218311086565228546', '2021-06-06 09:07:55', 1608293962),
(302, '<@129896797442277376>', '218311086565228546', '2021-06-06 09:07:55', 1608293973),
(303, '<@108282146002608128>', '218311086565228546', '2021-06-06 09:07:55', 1608293997),
(304, '<@!103890994440728576>', '218311086565228546', '2021-06-06 09:07:55', 1608294007),
(305, 'Bald Gang', '133875264995328000', '2021-06-06 09:07:55', 1608856676),
(306, 'People who pay for MDT', '231438468495048704', '2021-06-06 09:07:55', 1608955429),
(307, 'All Negative IQ German Retards', '167665892111548416', '2021-06-06 09:07:55', 1608956482),
(308, 'Lairy band geeks', '103890994440728576', '2021-06-06 09:07:55', 1608984129),
(309, 'People who charge money for wow addons', '123875944661254144', '2021-06-06 09:07:55', 1608984436),
(310, 'Coronavirus', '103890994440728576', '2021-06-06 09:07:55', 1609063983),
(311, 'People that scream for double dick donny', '218311086565228546', '2021-06-06 09:07:55', 1609096385),
(312, 'Thomas Noakes\' Mother AKA The Jetwasher of Pakis', '167665892111548416', '2021-06-06 09:07:55', 1609723527),
(313, 'Josh Allen aka devolore', '103890994440728576', '2021-06-06 09:07:55', 1609848092),
(314, 'Racist Rodney', '103890994440728576', '2021-06-06 09:07:55', 1609891189),
(315, 'Trump Supporters', '103890994440728576', '2021-06-06 09:07:55', 1609979208),
(316, 'Proud Boys', '103890994440728576', '2021-06-06 09:07:55', 1609979228),
(317, 'PogChamp', '103890994440728576', '2021-06-06 09:07:55', 1610023427),
(318, 'Speedrunning Community', '103890994440728576', '2021-06-06 09:07:55', 1610023482),
(319, 'Players who change their UI every 3 months', '167665892111548416', '2021-06-06 09:07:55', 1610185237),
(320, 'Person that came up with Torghast', '103890994440728576', '2021-06-06 09:07:55', 1610185950),
(321, 'Eastern Europeans claiming to be Central Europeans', '103890994440728576', '2021-06-06 09:07:55', 1610185983),
(322, 'Mythic+ Loot', '103890994440728576', '2021-06-06 09:07:55', 1610186015),
(323, 'Ferdinand Gaming', '103890994440728576', '2021-06-06 09:07:55', 1610186037),
(324, 'Nezgroul\'s Starfall', '103890994440728576', '2021-06-06 09:07:55', 1610186065),
(325, 'Wigan fatty', '160853018881949697', '2021-06-06 09:07:55', 1610188085),
(326, 'Sandy Cheeks cock vore', '103890994440728576', '2021-06-06 09:07:55', 1610445157),
(327, 'Auschwitz train', '103890994440728576', '2021-06-06 09:07:55', 1610445191),
(328, 'Swedes that killed the spice raids in Nighthold', '103890994440728576', '2021-06-06 09:07:55', 1610491780),
(329, 'Person responsible for banning Steven Dawson from Twitter', '103890994440728576', '2021-06-06 09:07:55', 1610846669),
(330, '<@129731646114103296>', '218311086565228546', '2021-06-06 09:07:55', 1610900851),
(331, '<@135374775592681472>', '218311086565228546', '2021-06-06 09:07:55', 1610900864),
(332, 'Ian Faletti', '120917778889834496', '2021-06-06 09:07:55', 1610933450),
(333, 'People who play poe', '218311086565228546', '2021-06-06 09:07:55', 1611069037),
(334, 'Fleks', '167665892111548416', '2021-06-06 09:07:55', 1612907658),
(335, 'Posters from wow head', '218311086565228546', '2021-06-06 09:07:55', 1613040819),
(336, 'The non-british', '218311086565228546', '2021-06-06 09:07:55', 1613465459),
(337, 'Bluemanshay', '218311086565228546', '2021-06-06 09:07:55', 1614476323),
(338, 'Dr. Detonator', '160853018881949697', '2021-06-06 09:07:55', 1617830815),
(339, 'Ange', '144845622464217088', '2021-06-06 09:07:55', 1617830836),
(340, 'Citizens of Boom Town', '133875264995328000', '2021-06-06 09:07:55', 1617830838),
(341, 'Entire of the MNM raiding roster', '218311086565228546', '2021-06-06 09:07:55', 1617830846),
(342, 'DaBaby', '144845622464217088', '2021-06-06 09:07:55', 1617830852),
(343, 'Among us', '160853018881949697', '2021-06-06 09:07:55', 1617830869),
(344, 'BEANS WHAT THE FUCK', '120917778889834496', '2021-06-06 09:07:55', 1617830907),
(345, 'Non private server players', '218311086565228546', '2021-06-06 09:07:55', 1617830913),
(346, 'The qwemists', '218311086565228546', '2021-06-06 09:07:55', 1617830943),
(347, 'Qwemists', '218311086565228546', '2021-06-06 09:07:55', 1617830964),
(348, 'Huffmeister', '218311086565228546', '2021-06-06 09:07:55', 1617831016),
(349, 'Former members of Optic Gaming ™ from Ireland', '144845622464217088', '2021-06-06 09:07:55', 1617831018),
(350, 'Essential Lee', '218311086565228546', '2021-06-06 09:07:55', 1617831055),
(351, 'ﺼﺽﺿﻁﺮﺯﺱﺴﺷﻓﺿ', '218311086565228546', '2021-06-06 09:07:55', 1617831189),
(352, 'مشروع تحلق القرد', '120917778889834496', '2021-06-06 09:07:55', 1617831236),
(353, 'زنجي', '218311086565228546', '2021-06-06 09:07:55', 1617831259),
(354, 'The Butter Dog, the dog with butter on its head', '120917778889834496', '2021-06-06 09:07:55', 1617831408),
(355, '⣿⣿⣿⣿⣿⣿⣿⣿⣿⣿⣿⣿⣿⣿⣿⡿⠿⠿⠿⠿⠿⠿⣿⣿⣿⣿⣿⣿⣿⣿ ⣿⣿⣿⣿⣿⣿⣿⣿⣿⣿⡿⠋⣉⣁⣤⣤⣶⣾⣿⣿⣶⡄⢲⣯⢍⠁⠄⢀⢹⣿ ⣿⣿⣿⣿⣿⣿⣿⣿⣿⢯⣾⣿⣿⣏⣉⣹⠿⠇⠄⠽⠿⢷⡈⠿⠇⣀⣻⣿⡿⣻ ⣿⣿⡿⠿⠛⠛⠛⢛⡃⢉⢣⡤⠤⢄⡶⠂⠄⠐⣀⠄⠄⠄⠄⠄⡦⣿⡿⠛⡇⣼ ⡿⢫⣤⣦⠄⠂⠄⠄⠄⠄⠄⠄⠄⠄⠠⠺⠿⠙⠋⠄⠄⠄⠢⢄⠄⢿⠇⠂⠧⣿ ⠁⠄⠈⠁⠄⢀⣀⣀⣀⣀⣠⣤⡤⠴⠖⠒⠄⠄⠄⠄⠄⠄⠄⠄⠄⠘⢠⡞⠄⣸ ⡀⠄⠄⠄⠄⠄⠤⠭⠦⠤⠤⠄⠄⠄⠄⠄⠄⠄⠄⠄⠄⠄⠄⠄⠄⠄⠄⠄⣂⣿ ⣷⡀⠄⠄⠄⠄⠄⠄⠄⠄⠄⠄⠄⠄⠄⠄⠄⠄⠄⠄⢳⠄⠄⢀⠈⣠⣤⣤⣼⣿ ⣿⣿⣷⣤⣤⣤⣤⣤⣤⣤⣤⣤⣤⣴⣶⣶⣶⣄⡀⠄⠈⠑⢙⣡⣴⣿⣿⣿⣿⣿ ⣿⣿⣿⣿⣿⣿⣿⣿⣿⣿⣿⣿⣿⣿⣿⣿⣿⣿⣿⣿⣿⣿⣿⣿⣿⣿⣿⣿⣿⣿', '120917778889834496', '2021-06-06 09:07:55', 1617831464),
(356, '⠀⠀‎‎‎‎‎ ‎‎‎‎‎ ‎‎‎‎‎ ‎‎‎‎‎ ‎‎‎‎‎ ‎‎‎‎‎‎‎ ‎‎‎‎‎ ‎‎‎‎‎ ‎‎‎‎‎ ‎‎‎‎‎⠀⣠⣤⣤⣤⣤⣤⣄⡀⠀⠀⠀⠀⠀⠀⠀⠀⠀⠀⠀⠀⠀⠀⠀ ⠀⠀⠀⠀⠀⢰⡿⠋⠁⠀⠀⠈⠉⠙⠻⣷⣄⠀⠀⠀⠀⠀⠀⠀⠀⠀⠀⠀⠀⠀ ⠀⠀⠀⠀⢀⣿⠇⠀⢀⣴⣶⡾⠿⠿⠿⢿⣿⣦⡀⠀⠀⠀⠀⠀⠀⠀⠀⠀⠀⠀ ⠀⠀⣀⣀⣸⡿⠀⠀⢸⣿⣇⠀⠀⠀⠀⠀⠀⠙⣷⡀⠀⠀⠀⠀⠀⠀⠀⠀⠀⠀ ⠀⣾⡟⠛⣿⡇⠀⠀⢸⣿⣿⣷⣤⣤⣤⣤⣶⣶⣿⠇⠀⠀⠀⠀⠀⠀⠀⣀⠀⠀ ⢀⣿⠀⢀⣿⡇⠀⠀⠀⠻⢿⣿⣿⣿⣿⣿⠿⣿⡏⠀⠀⠀⠀⢴⣶⣶⣿⣿⣿⣆ ⢸⣿⠀⢸⣿⡇⠀⠀⠀⠀⠀⠈⠉⠁⠀⠀⠀⣿⡇⣀⣠⣴⣾⣮⣝⠿⠿⠿⣻⡟ ⢸⣿⠀⠘⣿⡇⠀⠀⠀⠀⠀⠀⠀⣠⣶⣾⣿⣿⣿⣿⣿⣿⣿⣿⣿⣿⡿⠁⠉⠀ ⠸⣿⠀⠀⣿⡇⠀⠀⠀⠀⠀⣠⣾⣿⣿⣿⣿⣿⣿⣿⣿⣿⣿⡿⠟⠉⠀⠀⠀⠀ ⠀⠻⣷⣶⣿⣇⠀⠀⠀⢠⣼⣿⣿⣿⣿⣿⣿⣿⣛⣛⣻⠉⠁⠀⠀⠀⠀⠀⠀⠀ ⠀⠀⠀⠀⢸⣿⠀⠀⠀⢸⣿⣿⣿⣿⣿⣿⣿⣿⣿⣿⣿⡇⠀⠀⠀⠀⠀ ⠀⠀ ⠀⠀⠀⠀⢸⣿⣀⣀⣀⣼⡿⢿⣿⣿⣿⣿⣿⡿⣿⣿⡿⠀', '103890994440728576', '2021-06-06 09:07:55', 1617831494),
(357, 'ՈլԍԍՅՐՏ', '123875944661254144', '2021-06-06 09:07:55', 1617831508),
(358, '⠀⠀⠀⠀⠀⠀⠀⣠⣤⣤⣤⣤⣤⣄⡀⠀⠀⠀⠀⠀⠀⠀⠀⠀⠀⠀⠀⠀⠀⠀ ⠀⠀⠀⠀⠀⢰⡿⠋⠁⠀⠀⠈⠉⠙⠻⣷⣄⠀⠀⠀⠀⠀⠀⠀⠀⠀⠀⠀⠀⠀ ⠀⠀⠀⠀⢀⣿⠇⠀⢀⣴⣶⡾⠿⠿⠿⢿⣿⣦⡀⠀⠀⠀⠀⠀⠀⠀⠀⠀⠀⠀ ⠀⠀⣀⣀⣸⡿⠀⠀⢸⣿⣇⠀⠀⠀⠀⠀⠀⠙⣷⡀⠀⠀⠀⠀⠀⠀⠀⠀⠀⠀ ⠀⣾⡟⠛⣿⡇⠀⠀⢸⣿⣿⣷⣤⣤⣤⣤⣶⣶⣿⠇⠀⠀⠀⠀⠀⠀⠀⣀⠀⠀ ⢀⣿⠀⢀⣿⡇⠀⠀⠀⠻⢿⣿⣿⣿⣿⣿⠿⣿⡏⠀⠀⠀⠀⢴⣶⣶⣿⣿⣿⣆ ⢸⣿⠀⢸⣿⡇⠀⠀⠀⠀⠀⠈⠉⠁⠀⠀⠀⣿⡇⣀⣠⣴⣾⣮⣝⠿⠿⠿⣻⡟ ⢸⣿⠀⠘⣿⡇⠀⠀⠀⠀⠀⠀⠀⣠⣶⣾⣿⣿⣿⣿⣿⣿⣿⣿⣿⣿⡿⠁⠉⠀ ⠸⣿⠀⠀⣿⡇⠀⠀⠀⠀⠀⣠⣾⣿⣿⣿⣿⣿⣿⣿⣿⣿⣿⡿⠟⠉⠀⠀⠀⠀ ⠀⠻⣷⣶⣿⣇⠀⠀⠀⢠⣼⣿⣿⣿⣿⣿⣿⣿⣛⣛⣻⠉⠁⠀⠀⠀⠀⠀⠀⠀ ⠀⠀⠀⠀⢸⣿⠀⠀⠀⢸⣿⣿⣿⣿⣿⣿⣿⣿⣿⣿⣿⡇⠀⠀⠀⠀⠀⠀⠀⠀ ⠀⠀⠀⠀⢸⣿⣀⣀⣀⣼⡿⢿⣿⣿⣿⣿⣿⡿⣿⣿⡿⠀⠀⠀⠀⠀⠀⠀⠀⠀ ⠀⠀⠀⠀⠀⠙⠛⠛⠛⠋⠁⠀⠙⠻⠿⠟⠋⠑⠛⠋⠀', '120917778889834496', '2021-06-06 09:07:55', 1617831894),
(359, 'Afghan', '103890994440728576', '2021-06-06 09:07:55', 1604141601),
(360, 'Albanian', '103890994440728576', '2021-06-06 09:07:55', 1604141601),
(361, 'Algerian', '103890994440728576', '2021-06-06 09:07:55', 1604141601),
(362, 'American', '103890994440728576', '2021-06-06 09:07:55', 1604141601),
(363, 'Andorran', '103890994440728576', '2021-06-06 09:07:55', 1604141601),
(364, 'Angolan', '103890994440728576', '2021-06-06 09:07:55', 1604141601),
(365, 'Antiguans', '103890994440728576', '2021-06-06 09:07:55', 1604141601),
(366, 'Argentinean', '103890994440728576', '2021-06-06 09:07:55', 1604141601),
(367, 'Armenian', '103890994440728576', '2021-06-06 09:07:55', 1604141601),
(368, 'Australian', '103890994440728576', '2021-06-06 09:07:55', 1604141601),
(369, 'Austrian', '103890994440728576', '2021-06-06 09:07:55', 1604141601),
(370, 'Azerbaijani', '103890994440728576', '2021-06-06 09:07:55', 1604141601),
(371, 'Bahamian', '103890994440728576', '2021-06-06 09:07:55', 1604141601),
(372, 'Bahraini', '103890994440728576', '2021-06-06 09:07:55', 1604141601),
(373, 'Bangladeshi', '103890994440728576', '2021-06-06 09:07:55', 1604141601),
(374, 'Barbadian', '103890994440728576', '2021-06-06 09:07:55', 1604141601),
(375, 'Barbudans', '103890994440728576', '2021-06-06 09:07:55', 1604141601),
(376, 'Batswana', '103890994440728576', '2021-06-06 09:07:55', 1604141601),
(377, 'Belarusian', '103890994440728576', '2021-06-06 09:07:55', 1604141601),
(378, 'Belgian', '103890994440728576', '2021-06-06 09:07:55', 1604141601),
(379, 'Belizean', '103890994440728576', '2021-06-06 09:07:55', 1604141601),
(380, 'Beninese', '103890994440728576', '2021-06-06 09:07:55', 1604141601),
(381, 'Bhutanese', '103890994440728576', '2021-06-06 09:07:55', 1604141601),
(382, 'Bolivian', '103890994440728576', '2021-06-06 09:07:55', 1604141601),
(383, 'Bosnian', '103890994440728576', '2021-06-06 09:07:55', 1604141601),
(384, 'Brazilian', '103890994440728576', '2021-06-06 09:07:55', 1604141601),
(385, 'British', '103890994440728576', '2021-06-06 09:07:55', 1604141601),
(386, 'Bruneian', '103890994440728576', '2021-06-06 09:07:55', 1604141601),
(387, 'Bulgarian', '103890994440728576', '2021-06-06 09:07:55', 1604141601),
(388, 'Burkinabe', '103890994440728576', '2021-06-06 09:07:55', 1604141601),
(389, 'Burmese', '103890994440728576', '2021-06-06 09:07:55', 1604141601),
(390, 'Burundian', '103890994440728576', '2021-06-06 09:07:55', 1604141601),
(391, 'Cambodian', '103890994440728576', '2021-06-06 09:07:55', 1604141601),
(392, 'Cameroonian', '103890994440728576', '2021-06-06 09:07:55', 1604141601),
(393, 'Canadian', '103890994440728576', '2021-06-06 09:07:55', 1604141601),
(394, 'Cape Verdean', '103890994440728576', '2021-06-06 09:07:55', 1604141601),
(395, 'Central African', '103890994440728576', '2021-06-06 09:07:55', 1604141601),
(396, 'Chadian', '103890994440728576', '2021-06-06 09:07:55', 1604141601),
(397, 'Chilean', '103890994440728576', '2021-06-06 09:07:55', 1604141601),
(398, 'Chinese', '103890994440728576', '2021-06-06 09:07:55', 1604141601),
(399, 'Colombian', '103890994440728576', '2021-06-06 09:07:55', 1604141601),
(400, 'Comoran', '103890994440728576', '2021-06-06 09:07:55', 1604141601),
(401, 'Congolese', '103890994440728576', '2021-06-06 09:07:55', 1604141601),
(402, 'Costa Rican', '103890994440728576', '2021-06-06 09:07:55', 1604141601),
(403, 'Croatian', '103890994440728576', '2021-06-06 09:07:55', 1604141601),
(404, 'Cuban', '103890994440728576', '2021-06-06 09:07:55', 1604141601),
(405, 'Cypriot', '103890994440728576', '2021-06-06 09:07:55', 1604141601),
(406, 'Czech', '103890994440728576', '2021-06-06 09:07:55', 1604141601),
(407, 'Danish', '103890994440728576', '2021-06-06 09:07:55', 1604141601),
(408, 'Djibouti', '103890994440728576', '2021-06-06 09:07:55', 1604141601),
(409, 'Afghan', '103890994440728576', '2021-06-06 09:07:55', 1604141601),
(410, 'Albanian', '103890994440728576', '2021-06-06 09:07:55', 1604141601),
(411, 'Algerian', '103890994440728576', '2021-06-06 09:07:55', 1604141601),
(412, 'American', '103890994440728576', '2021-06-06 09:07:55', 1604141601),
(413, 'Andorran', '103890994440728576', '2021-06-06 09:07:55', 1604141601),
(414, 'Angolan', '103890994440728576', '2021-06-06 09:07:55', 1604141601),
(415, 'Antiguans', '103890994440728576', '2021-06-06 09:07:55', 1604141601),
(416, 'Argentinean', '103890994440728576', '2021-06-06 09:07:55', 1604141601),
(417, 'Armenian', '103890994440728576', '2021-06-06 09:07:55', 1604141601),
(418, 'Australian', '103890994440728576', '2021-06-06 09:07:55', 1604141601),
(419, 'Austrian', '103890994440728576', '2021-06-06 09:07:55', 1604141601),
(420, 'Azerbaijani', '103890994440728576', '2021-06-06 09:07:55', 1604141601),
(421, 'Bahamian', '103890994440728576', '2021-06-06 09:07:55', 1604141601),
(422, 'Bahraini', '103890994440728576', '2021-06-06 09:07:55', 1604141601),
(423, 'Bangladeshi', '103890994440728576', '2021-06-06 09:07:55', 1604141601),
(424, 'Barbadian', '103890994440728576', '2021-06-06 09:07:55', 1604141601),
(425, 'Barbudans', '103890994440728576', '2021-06-06 09:07:55', 1604141601),
(426, 'Batswana', '103890994440728576', '2021-06-06 09:07:55', 1604141601),
(427, 'Belarusian', '103890994440728576', '2021-06-06 09:07:55', 1604141601),
(428, 'Belgian', '103890994440728576', '2021-06-06 09:07:55', 1604141601),
(429, 'Belizean', '103890994440728576', '2021-06-06 09:07:55', 1604141601),
(430, 'Beninese', '103890994440728576', '2021-06-06 09:07:55', 1604141601),
(431, 'Bhutanese', '103890994440728576', '2021-06-06 09:07:55', 1604141601),
(432, 'Bolivian', '103890994440728576', '2021-06-06 09:07:55', 1604141601),
(433, 'Bosnian', '103890994440728576', '2021-06-06 09:07:55', 1604141601),
(434, 'Brazilian', '103890994440728576', '2021-06-06 09:07:55', 1604141601),
(435, 'British', '103890994440728576', '2021-06-06 09:07:55', 1604141601),
(436, 'Bruneian', '103890994440728576', '2021-06-06 09:07:55', 1604141601),
(437, 'Bulgarian', '103890994440728576', '2021-06-06 09:07:55', 1604141601),
(438, 'Burkinabe', '103890994440728576', '2021-06-06 09:07:55', 1604141601),
(439, 'Burmese', '103890994440728576', '2021-06-06 09:07:55', 1604141601),
(440, 'Burundian', '103890994440728576', '2021-06-06 09:07:55', 1604141601),
(441, 'Cambodian', '103890994440728576', '2021-06-06 09:07:55', 1604141601),
(442, 'Cameroonian', '103890994440728576', '2021-06-06 09:07:55', 1604141601),
(443, 'Canadian', '103890994440728576', '2021-06-06 09:07:55', 1604141601),
(444, 'Cape Verdean', '103890994440728576', '2021-06-06 09:07:55', 1604141601),
(445, 'Central African', '103890994440728576', '2021-06-06 09:07:55', 1604141601),
(446, 'Chadian', '103890994440728576', '2021-06-06 09:07:55', 1604141601),
(447, 'Chilean', '103890994440728576', '2021-06-06 09:07:55', 1604141601),
(448, 'Chinese', '103890994440728576', '2021-06-06 09:07:55', 1604141601),
(449, 'Colombian', '103890994440728576', '2021-06-06 09:07:55', 1604141601),
(450, 'Comoran', '103890994440728576', '2021-06-06 09:07:55', 1604141601),
(451, 'Congolese', '103890994440728576', '2021-06-06 09:07:55', 1604141601),
(452, 'Costa Rican', '103890994440728576', '2021-06-06 09:07:55', 1604141601),
(453, 'Croatian', '103890994440728576', '2021-06-06 09:07:55', 1604141601),
(454, 'Cuban', '103890994440728576', '2021-06-06 09:07:55', 1604141601),
(455, 'Cypriot', '103890994440728576', '2021-06-06 09:07:55', 1604141601),
(456, 'Czech', '103890994440728576', '2021-06-06 09:07:55', 1604141601),
(457, 'Danish', '103890994440728576', '2021-06-06 09:07:55', 1604141601),
(458, 'Djibouti', '103890994440728576', '2021-06-06 09:07:55', 1604141601),
(459, 'Dominican', '103890994440728576', '2021-06-06 09:07:55', 1604141601),
(460, 'Dutch', '103890994440728576', '2021-06-06 09:07:55', 1604141601),
(461, 'East Timorese', '103890994440728576', '2021-06-06 09:07:55', 1604141601),
(462, 'Ecuadorean', '103890994440728576', '2021-06-06 09:07:55', 1604141601),
(463, 'Egyptian', '103890994440728576', '2021-06-06 09:07:55', 1604141601),
(464, 'Emirian', '103890994440728576', '2021-06-06 09:07:55', 1604141601),
(465, 'Equatorial Guinean', '103890994440728576', '2021-06-06 09:07:55', 1604141601),
(466, 'Eritrean', '103890994440728576', '2021-06-06 09:07:55', 1604141601),
(467, 'Estonian', '103890994440728576', '2021-06-06 09:07:55', 1604141601),
(468, 'Ethiopian', '103890994440728576', '2021-06-06 09:07:55', 1604141601),
(469, 'Fijian', '103890994440728576', '2021-06-06 09:07:55', 1604141601),
(470, 'Filipino', '103890994440728576', '2021-06-06 09:07:55', 1604141601),
(471, 'Finnish', '103890994440728576', '2021-06-06 09:07:55', 1604141601),
(472, 'French', '103890994440728576', '2021-06-06 09:07:55', 1604141601),
(473, 'Gabonese', '103890994440728576', '2021-06-06 09:07:55', 1604141601),
(474, 'Gambian', '103890994440728576', '2021-06-06 09:07:55', 1604141601),
(475, 'Georgian', '103890994440728576', '2021-06-06 09:07:55', 1604141601),
(476, 'German', '103890994440728576', '2021-06-06 09:07:55', 1604141601),
(477, 'Ghanaian', '103890994440728576', '2021-06-06 09:07:55', 1604141601),
(478, 'Greek', '103890994440728576', '2021-06-06 09:07:55', 1604141601),
(479, 'Grenadian', '103890994440728576', '2021-06-06 09:07:55', 1604141601),
(480, 'Guatemalan', '103890994440728576', '2021-06-06 09:07:55', 1604141601),
(481, 'Guinea-Bissauan', '103890994440728576', '2021-06-06 09:07:55', 1604141601),
(482, 'Guinean', '103890994440728576', '2021-06-06 09:07:55', 1604141601),
(483, 'Guyanese', '103890994440728576', '2021-06-06 09:07:55', 1604141601),
(484, 'Haitian', '103890994440728576', '2021-06-06 09:07:55', 1604141601),
(485, 'Herzegovinian', '103890994440728576', '2021-06-06 09:07:55', 1604141601),
(486, 'Honduran', '103890994440728576', '2021-06-06 09:07:55', 1604141601),
(487, 'Hungarian', '103890994440728576', '2021-06-06 09:07:55', 1604141601),
(488, 'I-Kiribati', '103890994440728576', '2021-06-06 09:07:55', 1604141601),
(489, 'Icelander', '103890994440728576', '2021-06-06 09:07:55', 1604141601),
(490, 'Indian', '103890994440728576', '2021-06-06 09:07:55', 1604141601),
(491, 'Indonesian', '103890994440728576', '2021-06-06 09:07:55', 1604141601),
(492, 'Iranian', '103890994440728576', '2021-06-06 09:07:55', 1604141601),
(493, 'Iraqi', '103890994440728576', '2021-06-06 09:07:55', 1604141601),
(494, 'Irish', '103890994440728576', '2021-06-06 09:07:55', 1604141601),
(495, 'Israeli', '103890994440728576', '2021-06-06 09:07:55', 1604141601),
(496, 'Italian', '103890994440728576', '2021-06-06 09:07:55', 1604141601),
(497, 'Ivorian', '103890994440728576', '2021-06-06 09:07:55', 1604141601),
(498, 'Jamaican', '103890994440728576', '2021-06-06 09:07:55', 1604141601),
(499, 'Japanese', '103890994440728576', '2021-06-06 09:07:55', 1604141601),
(500, 'Jordanian', '103890994440728576', '2021-06-06 09:07:55', 1604141601),
(501, 'Kazakhstani', '103890994440728576', '2021-06-06 09:07:55', 1604141601),
(502, 'Kenyan', '103890994440728576', '2021-06-06 09:07:55', 1604141601),
(503, 'Kittian and Nevisian', '103890994440728576', '2021-06-06 09:07:55', 1604141601),
(504, 'Kuwaiti', '103890994440728576', '2021-06-06 09:07:55', 1604141601),
(505, 'Kyrgyz', '103890994440728576', '2021-06-06 09:07:55', 1604141601),
(506, 'Laotian', '103890994440728576', '2021-06-06 09:07:55', 1604141601),
(507, 'Latvian', '103890994440728576', '2021-06-06 09:07:55', 1604141601),
(508, 'Lebanese', '103890994440728576', '2021-06-06 09:07:55', 1604141601),
(509, 'Liberian', '103890994440728576', '2021-06-06 09:07:55', 1604141601),
(510, 'Libyan', '103890994440728576', '2021-06-06 09:07:55', 1604141601),
(511, 'Liechtensteiner', '103890994440728576', '2021-06-06 09:07:55', 1604141601),
(512, 'Lithuanian', '103890994440728576', '2021-06-06 09:07:55', 1604141601),
(513, 'Luxembourger', '103890994440728576', '2021-06-06 09:07:55', 1604141601),
(514, 'Macedonian', '103890994440728576', '2021-06-06 09:07:55', 1604141601),
(515, 'Malagasy', '103890994440728576', '2021-06-06 09:07:55', 1604141601),
(516, 'Malawian', '103890994440728576', '2021-06-06 09:07:55', 1604141601),
(517, 'Malaysian', '103890994440728576', '2021-06-06 09:07:55', 1604141601),
(518, 'Maldivian', '103890994440728576', '2021-06-06 09:07:55', 1604141601),
(519, 'Malian', '103890994440728576', '2021-06-06 09:07:55', 1604141601),
(520, 'Maltese', '103890994440728576', '2021-06-06 09:07:55', 1604141601),
(521, 'Marshallese', '103890994440728576', '2021-06-06 09:07:55', 1604141601),
(522, 'Mauritanian', '103890994440728576', '2021-06-06 09:07:55', 1604141601),
(523, 'Mauritian', '103890994440728576', '2021-06-06 09:07:55', 1604141601),
(524, 'Mexican', '103890994440728576', '2021-06-06 09:07:55', 1604141601),
(525, 'Micronesian', '103890994440728576', '2021-06-06 09:07:55', 1604141601),
(526, 'Moldovan', '103890994440728576', '2021-06-06 09:07:55', 1604141601),
(527, 'Monacan', '103890994440728576', '2021-06-06 09:07:55', 1604141601),
(528, 'Mongolian', '103890994440728576', '2021-06-06 09:07:55', 1604141601),
(529, 'Moroccan', '103890994440728576', '2021-06-06 09:07:55', 1604141601),
(530, 'Mosotho', '103890994440728576', '2021-06-06 09:07:55', 1604141601),
(531, 'Motswana', '103890994440728576', '2021-06-06 09:07:55', 1604141601),
(532, 'Mozambican', '103890994440728576', '2021-06-06 09:07:55', 1604141601),
(533, 'Namibian', '103890994440728576', '2021-06-06 09:07:55', 1604141601),
(534, 'Nauruan', '103890994440728576', '2021-06-06 09:07:55', 1604141601),
(535, 'Nepalese', '103890994440728576', '2021-06-06 09:07:55', 1604141601),
(536, 'New Zealander', '103890994440728576', '2021-06-06 09:07:55', 1604141601),
(537, 'Ni-Vanuatu', '103890994440728576', '2021-06-06 09:07:55', 1604141601),
(538, 'Nicaraguan', '103890994440728576', '2021-06-06 09:07:55', 1604141601),
(539, 'Nigerian', '103890994440728576', '2021-06-06 09:07:55', 1604141601),
(540, 'Nigerien', '103890994440728576', '2021-06-06 09:07:55', 1604141601),
(541, 'North Korean', '103890994440728576', '2021-06-06 09:07:55', 1604141601),
(542, 'Northern Irish', '103890994440728576', '2021-06-06 09:07:55', 1604141601),
(543, 'Norwegian', '103890994440728576', '2021-06-06 09:07:55', 1604141601),
(544, 'Omani', '103890994440728576', '2021-06-06 09:07:55', 1604141601),
(545, 'Pakistani', '103890994440728576', '2021-06-06 09:07:55', 1604141601),
(546, 'Palauan', '103890994440728576', '2021-06-06 09:07:55', 1604141601),
(547, 'Panamanian', '103890994440728576', '2021-06-06 09:07:55', 1604141601),
(548, 'Papua New Guinean', '103890994440728576', '2021-06-06 09:07:55', 1604141601),
(549, 'Paraguayan', '103890994440728576', '2021-06-06 09:07:55', 1604141601),
(550, 'Peruvian', '103890994440728576', '2021-06-06 09:07:55', 1604141601),
(551, 'Polish', '103890994440728576', '2021-06-06 09:07:55', 1604141601),
(552, 'Portuguese', '103890994440728576', '2021-06-06 09:07:55', 1604141601),
(553, 'Qatari', '103890994440728576', '2021-06-06 09:07:55', 1604141601),
(554, 'Romanian', '103890994440728576', '2021-06-06 09:07:55', 1604141601),
(555, 'Russian', '103890994440728576', '2021-06-06 09:07:55', 1604141601),
(556, 'Rwandan', '103890994440728576', '2021-06-06 09:07:55', 1604141601),
(557, 'Saint Lucian', '103890994440728576', '2021-06-06 09:07:55', 1604141601),
(558, 'Salvadoran', '103890994440728576', '2021-06-06 09:07:55', 1604141601),
(559, 'Samoan', '103890994440728576', '2021-06-06 09:07:55', 1604141601),
(560, 'San Marinese', '103890994440728576', '2021-06-06 09:07:55', 1604141601),
(561, 'Sao Tomean', '103890994440728576', '2021-06-06 09:07:55', 1604141601),
(562, 'Saudi', '103890994440728576', '2021-06-06 09:07:55', 1604141601),
(563, 'Scottish', '103890994440728576', '2021-06-06 09:07:55', 1604141601),
(564, 'Senegalese', '103890994440728576', '2021-06-06 09:07:55', 1604141601),
(565, 'Serbian', '103890994440728576', '2021-06-06 09:07:55', 1604141601),
(566, 'Seychellois', '103890994440728576', '2021-06-06 09:07:55', 1604141601),
(567, 'Sierra Leonean', '103890994440728576', '2021-06-06 09:07:55', 1604141601),
(568, 'Singaporean', '103890994440728576', '2021-06-06 09:07:55', 1604141601),
(569, 'Slovakian', '103890994440728576', '2021-06-06 09:07:55', 1604141601),
(570, 'Slovenian', '103890994440728576', '2021-06-06 09:07:55', 1604141601),
(571, 'Solomon Islander', '103890994440728576', '2021-06-06 09:07:55', 1604141601),
(572, 'Somali', '103890994440728576', '2021-06-06 09:07:55', 1604141601),
(573, 'South African', '103890994440728576', '2021-06-06 09:07:55', 1604141601),
(574, 'South Korean', '103890994440728576', '2021-06-06 09:07:55', 1604141601),
(575, 'Spanish', '103890994440728576', '2021-06-06 09:07:55', 1604141601),
(576, 'Sri Lankan', '103890994440728576', '2021-06-06 09:07:55', 1604141601),
(577, 'Sudanese', '103890994440728576', '2021-06-06 09:07:55', 1604141601),
(578, 'Surinamer', '103890994440728576', '2021-06-06 09:07:55', 1604141601),
(579, 'Swazi', '103890994440728576', '2021-06-06 09:07:55', 1604141601),
(580, 'Swedish', '103890994440728576', '2021-06-06 09:07:55', 1604141601),
(581, 'Swiss', '103890994440728576', '2021-06-06 09:07:55', 1604141601),
(582, 'Syrian', '103890994440728576', '2021-06-06 09:07:55', 1604141601),
(583, 'Taiwanese', '103890994440728576', '2021-06-06 09:07:55', 1604141601),
(584, 'Tajik', '103890994440728576', '2021-06-06 09:07:55', 1604141601),
(585, 'Tanzanian', '103890994440728576', '2021-06-06 09:07:55', 1604141601),
(586, 'Thai', '103890994440728576', '2021-06-06 09:07:55', 1604141601),
(587, 'Togolese', '103890994440728576', '2021-06-06 09:07:55', 1604141601),
(588, 'Tongan', '103890994440728576', '2021-06-06 09:07:55', 1604141601),
(589, 'Trinidadian or Tobagonian', '103890994440728576', '2021-06-06 09:07:55', 1604141601),
(590, 'Tunisian', '103890994440728576', '2021-06-06 09:07:55', 1604141601),
(591, 'Turkish', '103890994440728576', '2021-06-06 09:07:55', 1604141601),
(592, 'Tuvaluan', '103890994440728576', '2021-06-06 09:07:55', 1604141601),
(593, 'Ugandan', '103890994440728576', '2021-06-06 09:07:55', 1604141601),
(594, 'Ukrainian', '103890994440728576', '2021-06-06 09:07:55', 1604141601),
(595, 'Uruguayan', '103890994440728576', '2021-06-06 09:07:55', 1604141601),
(596, 'Uzbekistani', '103890994440728576', '2021-06-06 09:07:55', 1604141601),
(597, 'Venezuelan', '103890994440728576', '2021-06-06 09:07:55', 1604141601),
(598, 'Vietnamese', '103890994440728576', '2021-06-06 09:07:55', 1604141601),
(599, 'Welsh', '103890994440728576', '2021-06-06 09:07:55', 1604141601),
(600, 'Yemenite', '103890994440728576', '2021-06-06 09:07:55', 1604141601),
(601, 'Zambian', '103890994440728576', '2021-06-06 09:07:55', 1604141601),
(602, 'Zimbabwean', '103890994440728576', '2021-06-06 09:07:55', 1604141601),
(603, 'Dog Nonces', '103890994440728576', '2021-06-06 09:07:55', 1604141601),
(604, 'Verdanskian', '103890994440728576', '2021-06-06 09:07:55', 1604141601),
(605, 'Loiners', '103890994440728576', '2021-06-06 09:07:55', 1604141601),
(606, 'Kentish', '103890994440728576', '2021-06-06 09:07:55', 1604141601),
(607, 'Swedistani', '103890994440728576', '2021-06-06 09:07:55', 1604143686),
(608, 'Nibbas', '103890994440728576', '2021-06-06 09:07:55', 1604143776),
(609, 'People Who Stream World Of Warcraft For A Living', '103890994440728576', '2021-06-06 09:07:55', 1605608902),
(610, 'Day Raiders', '103890994440728576', '2021-06-06 09:07:55', 1605740784),
(611, 'English', '103890994440728576', '2021-06-06 09:07:55', 1605823003),
(612, 'Nonce', '108282146002608128', '2021-06-06 09:07:55', 1607337587),
(613, 'Khunee\'S Dad', '123875944661254144', '2021-06-06 09:07:55', 1607337687),
(614, 'Hugo\'S Oven Burgers', '108282146002608128', '2021-06-06 09:07:55', 1607337716),
(615, 'Emil Radinger Household', '144845622464217088', '2021-06-06 09:07:55', 1607338287),
(616, 'Raddy', '218311086565228546', '2021-06-06 09:07:55', 1607339137),
(617, 'Melee Players', '160853018881949697', '2021-06-06 09:07:55', 1607339234),
(618, 'Ranged Players', '160853018881949697', '2021-06-06 09:07:55', 1607339244),
(619, 'Rad\'s Bedsheets', '103890994440728576', '2021-06-06 09:07:55', 1607339638),
(620, 'Sean', '218311086565228546', '2021-06-06 09:07:55', 1607339840),
(621, 'Beanpole', '144845622464217088', '2021-06-06 09:07:55', 1607340346),
(622, 'Tank Players', '231438468495048704', '2021-06-06 09:07:55', 1607340455),
(623, 'Margaret Thatcher', '123875944661254144', '2021-06-06 09:07:55', 1607340496),
(624, 'Drjay', '218311086565228546', '2021-06-06 09:07:55', 1607341246),
(625, 'Templars', '133875264995328000', '2021-06-06 09:07:55', 1607341504),
(626, 'Dumb Hungover Musicians', '133875264995328000', '2021-06-06 09:07:55', 1607341558),
(627, 'People Playing Shadowlands', '108282146002608128', '2021-06-06 09:07:55', 1607341972),
(628, 'Final Fantasy Players', '144845622464217088', '2021-06-06 09:07:55', 1607342483),
(629, 'People Listening To Jpop', '133875264995328000', '2021-06-06 09:07:55', 1607342505),
(630, 'People Who Ragequit Discords Over Character Names', '123875944661254144', '2021-06-06 09:07:55', 1607342532),
(631, 'Weebs', '160853018881949697', '2021-06-06 09:07:55', 1607342595),
(632, 'People With Demon Sleep Schedules', '218311086565228546', '2021-06-06 09:07:55', 1607343235),
(633, 'Sexual Harassers', '133875264995328000', '2021-06-06 09:07:55', 1607343322),
(634, 'Finalbosstv', '144845622464217088', '2021-06-06 09:07:55', 1607343871),
(635, 'Gypsies', '103890994440728576', '2021-06-06 09:07:55', 1607344403),
(636, 'Chiggas', '103890994440728576', '2021-06-06 09:07:55', 1607344461),
(637, 'Night Fae', '133877813773205505', '2021-06-06 09:07:55', 1607344923),
(638, 'Ferdy', '108282146002608128', '2021-06-06 09:07:55', 1607346472),
(639, 'Viewers Of The Kungentv Twitch Channel', '144845622464217088', '2021-06-06 09:07:55', 1607346755),
(640, 'Shuff', '218311086565228546', '2021-06-06 09:07:55', 1607347069),
(641, 'Wow Developers', '103890994440728576', '2021-06-06 09:07:55', 1607347840),
(642, 'Greek Hunters', '103890994440728576', '2021-06-06 09:07:55', 1607347848),
(643, 'People Who Know What The Weather Will Be Like Tomorrow', '218311086565228546', '2021-06-06 09:07:55', 1607347971),
(644, 'Cowboys At Ram Ranch', '103890994440728576', '2021-06-06 09:07:55', 1607348015),
(645, 'Makers Of The Ardenweald World Quests', '144845622464217088', '2021-06-06 09:07:55', 1607349665),
(646, 'People With Santa Hats On Their Discord Pic', '133877813773205505', '2021-06-06 09:07:55', 1607349984),
(647, 'Members Of This Discord', '133875264995328000', '2021-06-06 09:07:55', 1607350109),
(648, 'People With Racist Mugs', '218311086565228546', '2021-06-06 09:07:55', 1607350209);
INSERT INTO `Goodmorning` (`id`, `target`, `submitter`, `submitted`, `submittedDouble`) VALUES
(649, 'People With Anime Profile Pictures', '133875264995328000', '2021-06-06 09:07:55', 1607350269),
(650, 'People With Selfie Profile Pictures', '123875944661254144', '2021-06-06 09:07:55', 1607350624),
(651, 'People With Profile Pictures From The Series Utopia', '133875264995328000', '2021-06-06 09:07:55', 1607350673),
(652, 'Pest Control John', '218311086565228546', '2021-06-06 09:07:55', 1607352557),
(653, 'Corona', '218311086565228546', '2021-06-06 09:07:55', 1607352593),
(654, 'Le Pòggere', '133875264995328000', '2021-06-06 09:07:55', 1607357274),
(655, 'The Lead Singer Of Lostprophets', '120917778889834496', '2021-06-06 09:07:55', 1607357302),
(656, 'Sam The sexual predator Ward', '123875944661254144', '2021-06-06 09:07:55', 1607357620),
(657, 'Rads Little Cumslut', '167665892111548416', '2021-06-06 09:07:55', 1607357785),
(658, 'People Who Bought Cyberpunk 2077', '103890994440728576', '2021-06-06 09:07:55', 1607360370),
(659, 'People Who Killed The Ricardo Milos Meme', '103890994440728576', '2021-06-06 09:07:55', 1607360438),
(660, 'Tiktokers', '103890994440728576', '2021-06-06 09:07:55', 1607360461),
(661, 'Valorant Players', '103890994440728576', '2021-06-06 09:07:55', 1607360505),
(662, 'People Who Use Voice Activation', '133877813773205505', '2021-06-06 09:07:55', 1607360534),
(663, 'Discord Light Mode Users', '103890994440728576', '2021-06-06 09:07:55', 1607360588),
(664, 'Smash Bros Players', '103890994440728576', '2021-06-06 09:07:55', 1607360809),
(665, 'Speedrunners', '103890994440728576', '2021-06-06 09:07:55', 1607360812),
(666, 'Manchester United Fans', '144845622464217088', '2021-06-06 09:07:55', 1607360842),
(667, 'Var Refs', '108282146002608128', '2021-06-06 09:07:55', 1607360871),
(668, 'Reddit Moderators', '103890994440728576', '2021-06-06 09:07:55', 1607360937),
(669, 'Towelliee', '103890994440728576', '2021-06-06 09:07:55', 1607361008),
(670, 'People Born North Of Birmingham', '120917778889834496', '2021-06-06 09:07:55', 1607361090),
(671, 'Mobs In Perdition Hold', '120917778889834496', '2021-06-06 09:07:55', 1607361222),
(672, 'Maw', '133875264995328000', '2021-06-06 09:07:55', 1607361247),
(673, 'Yer Maw', '120917778889834496', '2021-06-06 09:07:55', 1607361278),
(674, 'People From Bristol', '160853018881949697', '2021-06-06 09:07:55', 1607361695),
(675, 'Window Lickers', '133875264995328000', '2021-06-06 09:07:55', 1607361723),
(676, 'The Woman What Put That Cat In The Wheelie Bin', '120917778889834496', '2021-06-06 09:07:55', 1607361991),
(677, 'Everyone Who Is Not Friends With Derek Lorgokz Landqvist', '218311086565228546', '2021-06-06 09:07:55', 1607362849),
(678, '40 Naked Niggas In The Cockship', '103890994440728576', '2021-06-06 09:07:55', 1607382839),
(679, 'Racist Swedish Gamers', '103890994440728576', '2021-06-06 09:07:55', 1607382904),
(680, 'Sanguino Players', '103890994440728576', '2021-06-06 09:07:55', 1607383065),
(681, 'People Who Post Artwork On The Wow Subreddit', '103890994440728576', '2021-06-06 09:07:55', 1607383113),
(682, 'Gayniggers From Outer Space', '103890994440728576', '2021-06-06 09:07:55', 1607433246),
(683, 'Shaman Players Of Pfm', '103890994440728576', '2021-06-06 09:07:55', 1607433284),
(684, 'Cryptocurrency Enthusiasts', '103890994440728576', '2021-06-06 09:07:55', 1607433333),
(685, 'Bug-eyed Nibba Ion Hazzikostas', '103890994440728576', '2021-06-06 09:07:55', 1607433369),
(686, 'Chinese Kid That Rad\'s Family Is Supporting', '103890994440728576', '2021-06-06 09:07:55', 1607433492),
(687, 'People Who Rush A', '103890994440728576', '2021-06-06 09:07:55', 1607433530),
(688, 'Hardstylers', '103890994440728576', '2021-06-06 09:07:55', 1607730707),
(689, 'Tekk', '167665892111548416', '2021-06-06 09:07:55', 1607906563),
(690, 'Spastic Retarded Who Created The Sanguine Depths, Fuck That Nonce', '218311086565228546', '2021-06-06 09:07:55', 1607939092),
(691, 'Waxors', '135071682917302272', '2021-06-06 09:07:55', 1607942488),
(692, 'Romanian Boomkins That Starfall', '133908820815642624', '2021-06-06 09:07:55', 1607942593),
(693, 'Slith And Duck', '218311086565228546', '2021-06-06 09:07:55', 1607948274),
(694, 'Burger Brain Ranged Players', '218311086565228546', '2021-06-06 09:07:55', 1607948294),
(695, 'People Without Top 100 Exp', '231438468495048704', '2021-06-06 09:07:55', 1607949169),
(696, 'Mnm World First On Air Talent', '108282146002608128', '2021-06-06 09:07:55', 1608026572),
(697, 'Methodjosh\'s Brother Khunee', '103890994440728576', '2021-06-06 09:07:55', 1608027750),
(698, 'Kungen', '103890994440728576', '2021-06-06 09:07:55', 1608028107),
(699, 'Day raiders', '123875944661254144', '2021-06-06 09:07:55', 1608126173),
(700, 'Overtime Raiders', '231438468495048704', '2021-06-06 09:07:55', 1608247580),
(701, 'Four Esports', '159807078767132673', '2021-06-06 09:07:55', 1608247740),
(702, '<@167665892111548416>', '218311086565228546', '2021-06-06 09:07:55', 1608287152),
(703, '<@!144845622464217088>', '218311086565228546', '2021-06-06 09:07:55', 1608293907),
(704, '<@231438468495048704>', '218311086565228546', '2021-06-06 09:07:55', 1608293922),
(705, '<@!133706422767583232>', '218311086565228546', '2021-06-06 09:07:55', 1608293937),
(706, '<@!123875944661254144>', '218311086565228546', '2021-06-06 09:07:55', 1608293943),
(707, '<@!133875264995328000>', '218311086565228546', '2021-06-06 09:07:55', 1608293950),
(708, '<@!160853018881949697>', '218311086565228546', '2021-06-06 09:07:55', 1608293956),
(709, '<@!218311086565228546>', '218311086565228546', '2021-06-06 09:07:55', 1608293962),
(710, '<@129896797442277376>', '218311086565228546', '2021-06-06 09:07:55', 1608293973),
(711, '<@108282146002608128>', '218311086565228546', '2021-06-06 09:07:55', 1608293997),
(712, '<@!103890994440728576>', '218311086565228546', '2021-06-06 09:07:55', 1608294007),
(713, 'Bald Gang', '133875264995328000', '2021-06-06 09:07:55', 1608856676),
(714, 'People who pay for MDT', '231438468495048704', '2021-06-06 09:07:55', 1608955429),
(715, 'All Negative IQ German Retards', '167665892111548416', '2021-06-06 09:07:55', 1608956482),
(716, 'Lairy band geeks', '103890994440728576', '2021-06-06 09:07:55', 1608984129),
(717, 'People who charge money for wow addons', '123875944661254144', '2021-06-06 09:07:55', 1608984436),
(718, 'Coronavirus', '103890994440728576', '2021-06-06 09:07:55', 1609063983),
(719, 'People that scream for double dick donny', '218311086565228546', '2021-06-06 09:07:55', 1609096385),
(720, 'Thomas Noakes\' Mother AKA The Jetwasher of Pakis', '167665892111548416', '2021-06-06 09:07:55', 1609723527),
(721, 'Josh Allen aka devolore', '103890994440728576', '2021-06-06 09:07:55', 1609848092),
(722, 'Racist Rodney', '103890994440728576', '2021-06-06 09:07:55', 1609891189),
(723, 'Trump Supporters', '103890994440728576', '2021-06-06 09:07:55', 1609979208),
(724, 'Proud Boys', '103890994440728576', '2021-06-06 09:07:55', 1609979228),
(725, 'PogChamp', '103890994440728576', '2021-06-06 09:07:55', 1610023427),
(726, 'Speedrunning Community', '103890994440728576', '2021-06-06 09:07:55', 1610023482),
(727, 'Players who change their UI every 3 months', '167665892111548416', '2021-06-06 09:07:55', 1610185237),
(728, 'Person that came up with Torghast', '103890994440728576', '2021-06-06 09:07:55', 1610185950),
(729, 'Eastern Europeans claiming to be Central Europeans', '103890994440728576', '2021-06-06 09:07:55', 1610185983),
(730, 'Mythic+ Loot', '103890994440728576', '2021-06-06 09:07:55', 1610186015),
(731, 'Ferdinand Gaming', '103890994440728576', '2021-06-06 09:07:55', 1610186037),
(732, 'Nezgroul\'s Starfall', '103890994440728576', '2021-06-06 09:07:55', 1610186065),
(733, 'Wigan fatty', '160853018881949697', '2021-06-06 09:07:55', 1610188085),
(734, 'Sandy Cheeks cock vore', '103890994440728576', '2021-06-06 09:07:55', 1610445157),
(735, 'Auschwitz train', '103890994440728576', '2021-06-06 09:07:55', 1610445191),
(736, 'Swedes that killed the spice raids in Nighthold', '103890994440728576', '2021-06-06 09:07:55', 1610491780),
(737, 'Person responsible for banning Steven Dawson from Twitter', '103890994440728576', '2021-06-06 09:07:55', 1610846669),
(738, '<@129731646114103296>', '218311086565228546', '2021-06-06 09:07:55', 1610900851),
(739, '<@135374775592681472>', '218311086565228546', '2021-06-06 09:07:55', 1610900864),
(740, 'Ian Faletti', '120917778889834496', '2021-06-06 09:07:55', 1610933450),
(741, 'People who play poe', '218311086565228546', '2021-06-06 09:07:55', 1611069037),
(742, 'Fleks', '167665892111548416', '2021-06-06 09:07:55', 1612907658),
(743, 'Posters from wow head', '218311086565228546', '2021-06-06 09:07:55', 1613040819),
(744, 'The non-british', '218311086565228546', '2021-06-06 09:07:55', 1613465459),
(745, 'Bluemanshay', '218311086565228546', '2021-06-06 09:07:55', 1614476323),
(746, 'Dr. Detonator', '160853018881949697', '2021-06-06 09:07:55', 1617830815),
(747, 'Ange', '144845622464217088', '2021-06-06 09:07:55', 1617830836),
(748, 'Citizens of Boom Town', '133875264995328000', '2021-06-06 09:07:55', 1617830838),
(749, 'Entire of the MNM raiding roster', '218311086565228546', '2021-06-06 09:07:55', 1617830846),
(750, 'DaBaby', '144845622464217088', '2021-06-06 09:07:55', 1617830852),
(751, 'Among us', '160853018881949697', '2021-06-06 09:07:55', 1617830869),
(752, 'BEANS WHAT THE FUCK', '120917778889834496', '2021-06-06 09:07:55', 1617830907),
(753, 'Non private server players', '218311086565228546', '2021-06-06 09:07:55', 1617830913),
(754, 'The qwemists', '218311086565228546', '2021-06-06 09:07:55', 1617830943),
(755, 'Qwemists', '218311086565228546', '2021-06-06 09:07:55', 1617830964),
(756, 'Huffmeister', '218311086565228546', '2021-06-06 09:07:55', 1617831016),
(757, 'Former members of Optic Gaming ™ from Ireland', '144845622464217088', '2021-06-06 09:07:55', 1617831018),
(758, 'Essential Lee', '218311086565228546', '2021-06-06 09:07:55', 1617831055),
(759, 'ﺼﺽﺿﻁﺮﺯﺱﺴﺷﻓﺿ', '218311086565228546', '2021-06-06 09:07:55', 1617831189),
(760, 'مشروع تحلق القرد', '120917778889834496', '2021-06-06 09:07:55', 1617831236),
(761, 'زنجي', '218311086565228546', '2021-06-06 09:07:55', 1617831259),
(762, 'The Butter Dog, the dog with butter on its head', '120917778889834496', '2021-06-06 09:07:55', 1617831408),
(763, '⣿⣿⣿⣿⣿⣿⣿⣿⣿⣿⣿⣿⣿⣿⣿⡿⠿⠿⠿⠿⠿⠿⣿⣿⣿⣿⣿⣿⣿⣿ ⣿⣿⣿⣿⣿⣿⣿⣿⣿⣿⡿⠋⣉⣁⣤⣤⣶⣾⣿⣿⣶⡄⢲⣯⢍⠁⠄⢀⢹⣿ ⣿⣿⣿⣿⣿⣿⣿⣿⣿⢯⣾⣿⣿⣏⣉⣹⠿⠇⠄⠽⠿⢷⡈⠿⠇⣀⣻⣿⡿⣻ ⣿⣿⡿⠿⠛⠛⠛⢛⡃⢉⢣⡤⠤⢄⡶⠂⠄⠐⣀⠄⠄⠄⠄⠄⡦⣿⡿⠛⡇⣼ ⡿⢫⣤⣦⠄⠂⠄⠄⠄⠄⠄⠄⠄⠄⠠⠺⠿⠙⠋⠄⠄⠄⠢⢄⠄⢿⠇⠂⠧⣿ ⠁⠄⠈⠁⠄⢀⣀⣀⣀⣀⣠⣤⡤⠴⠖⠒⠄⠄⠄⠄⠄⠄⠄⠄⠄⠘⢠⡞⠄⣸ ⡀⠄⠄⠄⠄⠄⠤⠭⠦⠤⠤⠄⠄⠄⠄⠄⠄⠄⠄⠄⠄⠄⠄⠄⠄⠄⠄⠄⣂⣿ ⣷⡀⠄⠄⠄⠄⠄⠄⠄⠄⠄⠄⠄⠄⠄⠄⠄⠄⠄⠄⢳⠄⠄⢀⠈⣠⣤⣤⣼⣿ ⣿⣿⣷⣤⣤⣤⣤⣤⣤⣤⣤⣤⣤⣴⣶⣶⣶⣄⡀⠄⠈⠑⢙⣡⣴⣿⣿⣿⣿⣿ ⣿⣿⣿⣿⣿⣿⣿⣿⣿⣿⣿⣿⣿⣿⣿⣿⣿⣿⣿⣿⣿⣿⣿⣿⣿⣿⣿⣿⣿⣿', '120917778889834496', '2021-06-06 09:07:55', 1617831464),
(764, '⠀⠀‎‎‎‎‎ ‎‎‎‎‎ ‎‎‎‎‎ ‎‎‎‎‎ ‎‎‎‎‎ ‎‎‎‎‎‎‎ ‎‎‎‎‎ ‎‎‎‎‎ ‎‎‎‎‎ ‎‎‎‎‎⠀⣠⣤⣤⣤⣤⣤⣄⡀⠀⠀⠀⠀⠀⠀⠀⠀⠀⠀⠀⠀⠀⠀⠀ ⠀⠀⠀⠀⠀⢰⡿⠋⠁⠀⠀⠈⠉⠙⠻⣷⣄⠀⠀⠀⠀⠀⠀⠀⠀⠀⠀⠀⠀⠀ ⠀⠀⠀⠀⢀⣿⠇⠀⢀⣴⣶⡾⠿⠿⠿⢿⣿⣦⡀⠀⠀⠀⠀⠀⠀⠀⠀⠀⠀⠀ ⠀⠀⣀⣀⣸⡿⠀⠀⢸⣿⣇⠀⠀⠀⠀⠀⠀⠙⣷⡀⠀⠀⠀⠀⠀⠀⠀⠀⠀⠀ ⠀⣾⡟⠛⣿⡇⠀⠀⢸⣿⣿⣷⣤⣤⣤⣤⣶⣶⣿⠇⠀⠀⠀⠀⠀⠀⠀⣀⠀⠀ ⢀⣿⠀⢀⣿⡇⠀⠀⠀⠻⢿⣿⣿⣿⣿⣿⠿⣿⡏⠀⠀⠀⠀⢴⣶⣶⣿⣿⣿⣆ ⢸⣿⠀⢸⣿⡇⠀⠀⠀⠀⠀⠈⠉⠁⠀⠀⠀⣿⡇⣀⣠⣴⣾⣮⣝⠿⠿⠿⣻⡟ ⢸⣿⠀⠘⣿⡇⠀⠀⠀⠀⠀⠀⠀⣠⣶⣾⣿⣿⣿⣿⣿⣿⣿⣿⣿⣿⡿⠁⠉⠀ ⠸⣿⠀⠀⣿⡇⠀⠀⠀⠀⠀⣠⣾⣿⣿⣿⣿⣿⣿⣿⣿⣿⣿⡿⠟⠉⠀⠀⠀⠀ ⠀⠻⣷⣶⣿⣇⠀⠀⠀⢠⣼⣿⣿⣿⣿⣿⣿⣿⣛⣛⣻⠉⠁⠀⠀⠀⠀⠀⠀⠀ ⠀⠀⠀⠀⢸⣿⠀⠀⠀⢸⣿⣿⣿⣿⣿⣿⣿⣿⣿⣿⣿⡇⠀⠀⠀⠀⠀ ⠀⠀ ⠀⠀⠀⠀⢸⣿⣀⣀⣀⣼⡿⢿⣿⣿⣿⣿⣿⡿⣿⣿⡿⠀', '103890994440728576', '2021-06-06 09:07:55', 1617831494),
(765, 'ՈլԍԍՅՐՏ', '123875944661254144', '2021-06-06 09:07:55', 1617831508),
(766, 'Llooooolllcc:;,,,;;;;;;,,\'\'............. cloddddoollc:,;;:cccccc::;,\'.........\'.. \'\',;::cclll:,;:ccclllllcc:;,\'....\'\'\'.... ........\'\',\',;ccllooooolc::;,\'\'.\'\'...... ...........\',,;:clllll:::::;,\'\'......... \'\'\'\'\'\',,,,,,\'\'\',;:::;,,:ccc:;,\'........ llllclooooolc::;::;;,,,;;;:cc;\'.\'.... . xxxxddxxxxxxddl::cc:;;,;clooc;\'\',....... kkkkkkkkkxkkkko;,,;:cc;;coolc;\',;\'...... oodxkkOOxolodo:,\'..,,;::ldol:,\',,....... ;;;codxxo;\',,,\'\'.....\';coolc,........... \'\'\',,;:;,....\',,.....,:lllc;\'...... .\'\'\'\'\'\'\'.....\';,\'\'\',;cllc:;\'... .\'\'\'\'\'\'\'\'.....\',,;;:cc::,,\'... ..\'\'\'..\'\'\'\'....,,,;;;;,,,\'\'.... ..\'\'..\',,\'\'...\';:;\'\'\'\'\',,,,,,\'...... ..\'..\',,\'..\'\'\':oo:,,,;;:::::::cc::;,\'... .....\',,\'.\'\'\',:lc::::::cccccccccccc::::; \'\'\'...\'\'\'.\'\';:c:::cccccccclllllllccccccc ,,\'\'....\'\'\';:c:::::ccccccclllllllllllllc ;;;;,\'\',,,,;:::::ccccccccloooooollllllll c:::;,,;;;::::cccccccccccloddoooooooooll ::;;;;;;:::ccccccllcccclloddddooooooooll ;;;;;:::::cccclllllllllloddddddddddddoll ;;;::::ccllllllllllllllloddddddddddddoll ;::::cccllollllllllllllodddddddddddddoll ::::clllllllllllllllllloddddddddddddoooo', '103890994440728576', '2021-06-06 09:07:55', 1617831798),
(767, '⠀⠀⠀⠀⠀⠀⠀⣠⣤⣤⣤⣤⣤⣄⡀⠀⠀⠀⠀⠀⠀⠀⠀⠀⠀⠀⠀⠀⠀⠀ ⠀⠀⠀⠀⠀⢰⡿⠋⠁⠀⠀⠈⠉⠙⠻⣷⣄⠀⠀⠀⠀⠀⠀⠀⠀⠀⠀⠀⠀⠀ ⠀⠀⠀⠀⢀⣿⠇⠀⢀⣴⣶⡾⠿⠿⠿⢿⣿⣦⡀⠀⠀⠀⠀⠀⠀⠀⠀⠀⠀⠀ ⠀⠀⣀⣀⣸⡿⠀⠀⢸⣿⣇⠀⠀⠀⠀⠀⠀⠙⣷⡀⠀⠀⠀⠀⠀⠀⠀⠀⠀⠀ ⠀⣾⡟⠛⣿⡇⠀⠀⢸⣿⣿⣷⣤⣤⣤⣤⣶⣶⣿⠇⠀⠀⠀⠀⠀⠀⠀⣀⠀⠀ ⢀⣿⠀⢀⣿⡇⠀⠀⠀⠻⢿⣿⣿⣿⣿⣿⠿⣿⡏⠀⠀⠀⠀⢴⣶⣶⣿⣿⣿⣆ ⢸⣿⠀⢸⣿⡇⠀⠀⠀⠀⠀⠈⠉⠁⠀⠀⠀⣿⡇⣀⣠⣴⣾⣮⣝⠿⠿⠿⣻⡟ ⢸⣿⠀⠘⣿⡇⠀⠀⠀⠀⠀⠀⠀⣠⣶⣾⣿⣿⣿⣿⣿⣿⣿⣿⣿⣿⡿⠁⠉⠀ ⠸⣿⠀⠀⣿⡇⠀⠀⠀⠀⠀⣠⣾⣿⣿⣿⣿⣿⣿⣿⣿⣿⣿⡿⠟⠉⠀⠀⠀⠀ ⠀⠻⣷⣶⣿⣇⠀⠀⠀⢠⣼⣿⣿⣿⣿⣿⣿⣿⣛⣛⣻⠉⠁⠀⠀⠀⠀⠀⠀⠀ ⠀⠀⠀⠀⢸⣿⠀⠀⠀⢸⣿⣿⣿⣿⣿⣿⣿⣿⣿⣿⣿⡇⠀⠀⠀⠀⠀⠀⠀⠀ ⠀⠀⠀⠀⢸⣿⣀⣀⣀⣼⡿⢿⣿⣿⣿⣿⣿⡿⣿⣿⡿⠀⠀⠀⠀⠀⠀⠀⠀⠀ ⠀⠀⠀⠀⠀⠙⠛⠛⠛⠋⠁⠀⠙⠻⠿⠟⠋⠑⠛⠋⠀', '120917778889834496', '2021-06-06 09:07:55', 1617831894),
(768, 'Apology tekk gave to Daevi', '160853018881949697', '2021-06-06 09:07:55', 1617832013),
(769, 'Black people who can\'t throw the eye on shadow lord iskar', '123875944661254144', '2021-06-06 09:07:55', 1617832060),
(770, 'Hooyah', '133875264995328000', '2021-06-06 09:07:55', 1617914894),
(771, '@everyone', '133875264995328000', '2021-06-06 09:07:55', 1617918580),
(772, 'People who moan hooyah', '750568927826018354', '2021-06-06 09:07:55', 1617918618),
(773, 'Celestalon', '750568927826018354', '2021-06-06 09:07:55', 1618098394),
(774, 'SkyBet', '750568927826018354', '2021-06-06 09:07:55', 1618098534),
(775, 'Bobbys mate with the afro', '750568927826018354', '2021-06-06 09:07:55', 1618098641),
(776, '<@&825138802594807828>', '103890994440728576', '2021-06-06 09:07:55', 1618124280),
(777, 'Emil \'Oo Ah up the RA\'dinger', '120917778889834496', '2021-06-06 09:07:55', 1619125576),
(778, 'People that went to cranbrook', '218311086565228546', '2021-06-06 09:07:55', 1619425453),
(779, 'Henry Cockhead Brown', '133875264995328000', '2021-06-06 09:07:55', 1619688651),
(780, 'People who dislike Takeshi\'s Castle', '750568927826018354', '2021-06-06 09:07:55', 1620000308),
(781, 'Thorin', '750568927826018354', '2021-06-06 09:07:55', 1620082548),
(782, 'Shuffs racist tendencies', '218311086565228546', '2021-06-06 09:07:55', 1620121472),
(783, 'Shuff\'s transphobic tendencies', '159807078767132673', '2021-06-06 09:07:55', 1620121665),
(784, 'Muse concert that killed PFM', '103890994440728576', '2021-06-06 09:07:55', 1620339675),
(785, 'Icy veins', '750568927826018354', '2021-06-06 09:07:55', 1620993593),
(786, 'Trannies', '218311086565228546', '2021-06-06 09:07:55', 1620993997),
(787, 'People Who Ragequit Discord', '123875944661254144', '2021-06-06 09:07:55', 1621373311),
(788, 'Sam \'wack\' ward', '750568927826018354', '2021-06-06 09:07:55', 1621373324),
(789, 'Level 1 tussle enjoyers', '160853018881949697', '2021-06-06 09:07:55', 1621373341),
(790, 'Fred Durst', '218311086565228546', '2021-06-06 09:07:55', 1621373354),
(791, 'Riot Games', '103890994440728576', '2021-06-06 09:07:55', 1621373789),
(792, 'Digital Schizophreniacs', '750568927826018354', '2021-06-06 09:07:55', 1621373816),
(793, 'People who write songs about volcanoes', '123875944661254144', '2021-06-06 09:07:55', 1621374104),
(794, 'Specky bams', '218311086565228546', '2021-06-06 09:07:55', 1621415803),
(795, 'Sjeletyven', '103890994440728576', '2021-06-06 09:07:55', 1621459853),
(796, 'People who push keys on tourny realm', '231438468495048704', '2021-06-06 09:07:55', 1621562972),
(797, 'D.ickus', '750568927826018354', '2021-06-06 09:07:55', 1621895403),
(798, 'Gothy B', '103890994440728576', '2021-06-06 09:07:55', 1621895942),
(799, 'Imposter from Among Us', '103890994440728576', '2021-06-06 09:07:55', 1621895988),
(800, 'Gamers without Tusks of Mannoroth', '103890994440728576', '2021-06-06 09:07:55', 1621896091),
(801, 'People who resort to piss and cum jokes in Quiplash', '103890994440728576', '2021-06-06 09:07:55', 1621896245),
(802, '░█░█░█░█░█▀▀░█▀█ ░█▄█░█▀█░█▀▀░█░█ ░▀░▀░▀░▀░▀▀▀░▀░▀ ░▀█▀░█░█░█▀▀ ░░█░░█▀█░█▀▀ ░░▀░░▀░▀░▀▀▀ ░▀█▀░█▄█░█▀█░█▀█░█▀▀░▀█▀░█▀█░█▀▄ ░░█░░█░█░█▀▀░█░█░▀▀█░░█░░█░█░█▀▄ ░▀▀▀░▀░▀░▀░░░▀▀▀░▀▀▀░░▀░░▀▀▀░▀░▀ ░▀█▀░█▀▀ ░░█░░▀▀█ ░▀▀▀░▀▀▀ ░█▀▀░█░█░█▀▀ ░▀▀█░█░█░▀▀█ ░▀▀▀░▀▀▀░▀▀▀', '120917778889834496', '2021-06-06 09:07:55', 1621976466),
(803, '⣿⣿⣿⠟⢹⣶⣶⣝⣿⣿⣿⣿⣿⣿⣿⣿⣿⣿⣿⣿⣿⣿⣿⣿⣿⣿ ⣿⣿⡟⢰⡌⠿⢿⣿⡾⢹⣿⣿⣿⣿⣿⣿⣿⣿⣿⣿⣿⣿⣿⣿⣿⣿ ⣿⣿⣿⢸⣿⣤⣒⣶⣾⣳⡻⣿⣿⣿⣿⡿⢛⣯⣭⣭⣭⣽⣻⣿⣿⣿ ⣿⣿⣿⢸⣿⣿⣿⣿⢿⡇⣶⡽⣿⠟⣡⣶⣾⣯⣭⣽⣟⡻⣿⣷⡽⣿ ⣿⣿⣿⠸⣿⣿⣿⣿⢇⠃⣟⣷⠃⢸⠻⣿⣿⣿⣿⣿⣿⣿⣿⣿⣿⣽ ⣿⣿⣿⣇⢻⣿⣿⣯⣕⠧⢿⢿⣇⢯⣝⣒⣛⣯⣭⣛⣛⣣⣿⣿⣿⡇ ⣿⣿⣿⣿⣌⢿⣿⣿⣿⣿⡘⣞⣿⣼⣿⣿⣿⣿⣿⣿⣿⣿⣿⣿⣿⡇ ⣿⣿⣿⣿⣿⣦⠻⠿⣿⣿⣷⠈⢞⡇⣿⣿⣿⣿⣿⣿⣿⣿⣿⣿⣿⡇ ⣿⣿⣿⣿⣿⣿⣗⠄⢿⣿⣿⡆⡈⣽⢸⣿⣿⣿⣿⣿⣿⣿⣿⣿⣿⢻ ⣿⣿⣿⣿⡿⣻⣽⣿⣆⠹⣿⡇⠁⣿⡼⣿⣿⣿⣿⣿⣿⣿⣿⣿⡟⣾ ⣿⠿⣛⣽⣾⣿⣿⠿⠋⠄⢻⣷⣾⣿⣧⠟⣡⣾⣿⣿⣿⣿⣿⣿⡇⣿ ⢼⡟⢿⣿⡿⠋⠁⣀⡀⠄⠘⠊⣨⣽⠁⠰⣿⣿⣿⣿⣿⣿⣿⡍⠗⣿ ⡼⣿⠄⠄⠄⠄⣼⣿⡗⢠⣶⣿⣿⡇⠄⠄⣿⣿⣿⣿⣿⣿⣿⣇⢠⣿ ⣷⣝⠄⠄⢀⠄⢻⡟⠄⣿⣿⣿⣿⠃⠄⠄⢹⣿⣿⣿⣿⣿⣿⣿⢹⣿ ⣿⣿⣿⣿⣿⣧⣄⣁⡀⠙⢿⡿⠋⠄⣸⡆⠄⠻⣿⡿⠟⢛⣩⣝⣚⣿ ⣿⣿⣿⣿⣿⣿⣿⣿⣿⣦⣤⣤⣤⣾⣿⣿⣄⠄⠄⠄⣴⣿⣿⣿⣇⣿ ⣿⣿⣿⣿⣿⣿⣿⣿⣿⣿⣿⣿⣿⣿⣿⣿⣿⣦⣄⡀⠛⠿⣿⣫⣾⣿', '103890994440728576', '2021-06-06 09:07:55', 1621976488),
(804, 'Sam\'s Demi-Gorgon PussyBussy', '750568927826018354', '2021-06-06 09:07:55', 1621976530),
(805, 'Mike Preacherman Gaming Preach WoW', '103890994440728576', '2021-06-06 09:07:55', 1622238564),
(806, 'Mike \'Preacherman Gaming\' Preach WoW', '103890994440728576', '2021-06-06 09:07:55', 1622238585),
(807, 'People who farm raid more than 2 hours', '750568927826018354', '2021-06-06 09:07:55', 1622492943),
(808, 'Tracy', '218311086565228546', '2021-06-06 09:07:55', 1622540167),
(809, 'Officers of this discord', '160853018881949697', '2021-06-06 09:07:55', 1622839582),
(810, 'Warhammer players', '160853018881949697', '2021-06-06 09:07:55', 1622839668),
(811, '<@!160853018881949697> <@!750568927826018354>', '218311086565228546', '2021-06-06 09:07:55', 1622839688),
(812, 'Lulu players', '144845622464217088', '2021-06-06 09:07:55', 1622839701),
(813, 'Thices (bald)', '103890994440728576', '2021-06-06 09:07:55', 1622839769),
(814, '<@!160853018881949697> (still bald)', '218311086565228546', '2021-06-06 09:07:55', 1622839784),
(815, 'Dutch NI🅱️🅱️AS', '103890994440728576', '2021-06-06 09:07:55', 1622839818),
(816, '<@!103890994440728576> (unironically norgewian)', '160853018881949697', '2021-06-06 09:07:55', 1622839818),
(817, '<@!103890994440728576> (unironically norwegian)', '160853018881949697', '2021-06-06 09:07:55', 1622839852),
(818, 'People who can\'t afford final fantasy', '123875944661254144', '2021-06-06 09:07:55', 1622839876),
(819, '<@!160853018881949697> (Chose the gay pipe instead of the piss pipe)', '103890994440728576', '2021-06-06 09:07:55', 1622839893),
(820, 'People who say no flame but', '160853018881949697', '2021-06-06 09:07:55', 1622839902),
(821, 'People who unironically do keys with/talk to MNM players on discord', '218311086565228546', '2021-06-06 09:07:55', 1622839956),
(822, 'People that do ptr keys with jimmy fragnance', '160853018881949697', '2021-06-06 09:07:55', 1622840017),
(823, 'Methodical Joshua the Priest', '103890994440728576', '2021-06-06 09:07:55', 1622840052),
(824, 'People who say they will play on MoP on Tauri but then back out and leave the Discord (thices)', '103890994440728576', '2021-06-06 09:07:55', 1622840099),
(825, 'People that like the PFM emotes', '135374775592681472', '2021-06-06 09:07:55', 1622840116),
(826, 'People who refuse to play private servers with the BOYS', '218311086565228546', '2021-06-06 09:07:55', 1622840233),
(827, 'Shuffle', '218311086565228546', '2021-06-06 09:07:55', 1622840342),
(828, 'Shufflemeistro', '218311086565228546', '2021-06-06 09:07:55', 1622840348),
(829, 'SHUFFni', '218311086565228546', '2021-06-06 09:07:55', 1622840353),
(830, 'Henry Brown', '103890994440728576', '2021-06-06 09:07:55', 1622840366),
(831, 'Shay\'s alt characters', '135374775592681472', '2021-06-06 09:07:55', 1622840444),
(832, 'Hugo (who needs to grow the fuck up)', '103890994440728576', '2021-06-06 09:07:55', 1622840465),
(833, 'Brokenlenny', '103890994440728576', '2021-06-06 09:07:55', 1622840485);

-- --------------------------------------------------------

--
-- Table structure for table `MediaTypes`
--

CREATE TABLE `MediaTypes` (
  `media_type` varchar(80) NOT NULL,
  `description` varchar(255) NOT NULL
) ENGINE=InnoDB DEFAULT CHARSET=utf8mb4;

--
-- Dumping data for table `MediaTypes`
--

INSERT INTO `MediaTypes` (`media_type`, `description`) VALUES
('img', 'An image URL'),
('mp4', 'A URL to an MP4 video.'),
('txt', 'Text'),
('url', 'An HTTP URL of any kind.');

-- --------------------------------------------------------

--
-- Table structure for table `PFM_Memes`
--

CREATE TABLE `PFM_Memes` (
  `id` int(11) NOT NULL,
  `topic` varchar(255) NOT NULL,
  `title` varchar(255) NOT NULL,
  `description` varchar(1024) DEFAULT NULL,
  `content` varchar(4096) NOT NULL,
  `media_type` varchar(80) NOT NULL
) ENGINE=InnoDB DEFAULT CHARSET=utf8mb4;

--
-- Dumping data for table `PFM_Memes`
--

INSERT INTO `PFM_Memes` (`id`, `topic`, `title`, `description`, `content`, `media_type`) VALUES
(1, 'tekk', 'Tekk\'s apology', NULL, 'This is the beginning of your direct message history with Daevi.\n[20:26] Tekk: i am sorry i called you a nigger', 'txt'),
(2, 'tekk', 'Desk your nan', NULL, 'https://i.imgur.com/s5MhmnD.png', 'img'),
(3, 'nezgroul', 'Any spicy tricks?', NULL, 'https://cdn.discordapp.com/attachments/133332608296681472/248548242726322177/asdagfdshg.png', 'img'),
(4, 'nezgroul', 'Huya cosplay', NULL, 'https://cdn.discordapp.com/attachments/133332608296681472/246292696304451586/IMG_4430.PNG', 'img'),
(5, 'nezgroul', 'Supersally fan mail', NULL, 'https://cdn.discordapp.com/attachments/133332608296681472/234880145889034241/unknown.png', 'img'),
(6, 'nezgroul', 'Gypsy moon', NULL, 'https://cdn.discordapp.com/attachments/133332608296681472/176444075858198532/nezfire.jpg', 'img'),
(7, 'nezgroul', 'Romanian space program', NULL, 'http://i.imgur.com/bVsoADA.jpg', 'img'),
(8, 'nezgroul', 'Brother?', NULL, 'https://cdn.discordapp.com/attachments/133332608296681472/343209346693595136/fatbois.jpg', 'img'),
(9, 'nezgroul', 'Huya\'s mom cosplay', NULL, 'https://cdn.discordapp.com/attachments/133332608296681472/343320623239528448/IMG_4551.png', 'img'),
(10, 'nezgroul', 'Father', NULL, 'https://cdn.discordapp.com/attachments/133332608296681472/343319705978798080/IMG_4236.png', 'img'),
(11, 'pfm', 'Jimmy dodge', NULL, 'https://cdn.discordapp.com/attachments/133332608296681472/269244591503310849/unknown.png', 'img'),
(12, 'pfm', 'Team DK ruins everything', NULL, 'http://i.imgur.com/h05JuAi.png', 'img'),
(13, 'pfm', 'Execution gods', NULL, 'https://cdn.discordapp.com/attachments/133332608296681472/343212431977218058/tinyrank0.jpg', 'img'),
(14, 'priestman', 'Shoe on head', NULL, 'https://cdn.discordapp.com/attachments/133332608296681472/343211786222305300/36875fb5-310f-4289-96f1-e847cc2adf241756539671.jpg', 'img'),
(15, 'verdisha', 'eXample', NULL, 'https://cdn.discordapp.com/attachments/102179892115828736/172326946947072002/ZPwT9DS.png', 'img'),
(16, 'verdisha', 'Beast', NULL, 'http://i.imgur.com/2QiTnlp.png', 'img'),
(17, 'preach', 'Dat ass', NULL, 'http://i.imgur.com/yFr0xvx.png', 'img'),
(18, 'hugo', 'It\'s Wednesday my dudes', NULL, 'https://cdn.discordapp.com/attachments/133332608296681472/301705840539467776/bv.png', 'img'),
(19, 'brokenlenny', 'Abandonded by the class leader', NULL, 'https://cdn.discordapp.com/attachments/133332608296681472/286564216217927680/IMG_2420.PNG', 'img'),
(20, 'brokenlenny', 'Hardest working raider', NULL, 'https://cdn.discordapp.com/attachments/172113824617463808/280464199581433856/unknown.png', 'img'),
(21, 'steve', 'Pogboom', NULL, 'https://gfycat.com/gifs/detail/BlandHomelyGrouper', 'url'),
(22, 'yendis', 'Top 800', NULL, 'https://cdn.discordapp.com/attachments/149839875271688192/343511801910263809/yendis.png', 'img'),
(23, 'yendis', 'Real (not photoshopped) screenshot', NULL, 'https://cdn.discordapp.com/attachments/133332608296681472/247195749065031681/unknown.png', 'img'),
(24, 'yendis', 'Back in Vanilla bro', NULL, 'http://i.imgur.com/A3NsDKZ.png', 'img'),
(25, 'khunee', 'Friendship ended', NULL, 'https://cdn.discordapp.com/attachments/133332608296681472/342088248819974144/5af61a34d2a8c5ba002882ab1f7a05d9.jpg', 'img'),
(26, 'khunee', 'Swansea night out', NULL, 'https://cdn.discordapp.com/attachments/133332608296681472/333309328494690304/image.jpg', 'img'),
(27, 'khunee', 'Ret pala', NULL, 'https://cdn.discordapp.com/attachments/133332608296681472/324653838973796353/9047af55cfbfdce4a929a6b7c17086b7.png', 'img'),
(28, 'khunee', 'Craigshilo', NULL, 'https://cdn.discordapp.com/attachments/133332608296681472/314557489951801344/unknown.png', 'img'),
(29, 'khunee', 'Sad khuneeu', NULL, 'https://cdn.discordapp.com/attachments/133332608296681472/197024217693159425/sad_khuneeu.jpg', 'img'),
(30, 'khunee', 'What title do I give this image', NULL, 'https://cdn.discordapp.com/attachments/133332608296681472/206982957301366785/Screenshot_20160725-05540901.png', 'img'),
(31, 'khunee', 'Swansea man arrested', NULL, 'https://cdn.discordapp.com/attachments/173224145297997824/343348685360594945/176015585cc3138fa05b89b10e6e5615.png', 'img'),
(32, 'khunee', 'My longest King Deepbeard', NULL, 'http://i.imgur.com/TPlPUIW.png', 'img'),
(33, 'khunee', 'Felsteel Annihilator', NULL, 'http://i.imgur.com/kiiBpmq.png', 'img'),
(34, 'khunee', 'Shrek', NULL, 'https://cdn.discordapp.com/attachments/140876808529772544/344861056922812416/Shreksea.png', 'img'),
(35, 'khunee', 'Don\'t worry, reroll is in rotation', NULL, 'https://i.imgur.com/uNZej45.png', 'img'),
(36, 'razjar', 'Pool party', NULL, 'https://cdn.discordapp.com/attachments/133332608296681472/338256009740943370/image.jpg', 'img'),
(37, 'razjar', 'Razjar at work', NULL, 'https://cdn.discordapp.com/attachments/133332608296681472/190476647844151297/CkhCm4UWUAAUT6t.jpg', 'img'),
(38, 'razjar', 'Razie Wonder', NULL, 'https://cdn.discordapp.com/attachments/133332608296681472/343554796470534145/raz.png', 'img'),
(39, 'razjar', 'Youtube bants', NULL, 'https://i.redd.it/glntfeytgeoz.jpg', 'img'),
(40, 'hoob', 'Open the door', NULL, 'https://cdn.discordapp.com/attachments/149839875271688192/416320428907298816/hoobys.png', 'img'),
(41, 'hoob', 'Rank 2', NULL, 'https://cdn.discordapp.com/attachments/133332608296681472/343210872656756736/dreams.jpg', 'img'),
(42, 'huya', 'Awkward trade chat', NULL, 'https://cdn.discordapp.com/attachments/133332608296681472/336298291895730176/unknown.png', 'img'),
(43, 'huya', 'Not good enough for father', NULL, 'https://cdn.discordapp.com/attachments/133332608296681472/272878131944095745/C2z7OP_VIAARE8j.png', 'img'),
(44, 'huya', 'Choke on your gyros', NULL, 'https://cdn.discordapp.com/attachments/133332608296681472/227505429133918210/greek.png', 'img'),
(45, 'huya', 'Change race', NULL, 'http://i.imgur.com/tC6M8wJ.png', 'img'),
(46, 'huya', 'Kebab shop', NULL, 'http://i.imgur.com/9QcObXT.jpg', 'img'),
(47, 'huya', 'Huya\'s birth', NULL, 'https://cdn.discordapp.com/attachments/133332608296681472/192817286183124993/huyairl.png', 'img'),
(48, 'huya', 'Lil Huya', NULL, 'https://cdn.discordapp.com/attachments/133332608296681472/343209878619422720/Sadhuya.jpg', 'img'),
(49, 'huya', 'Autism', NULL, 'https://cdn.discordapp.com/attachments/133332608296681472/343210046198382594/ss2017-01-29at03.38.43.jpg', 'img'),
(50, 'huya', 'Dubai drift', NULL, 'https://i.gyazo.com/5d35dd4085634a555c4e397ee86f4fee.mp4', 'mp4'),
(51, 'huya', 'Angus MacArab', NULL, 'https://cdn.discordapp.com/attachments/133332608296681472/343337484861702145/image.jpg', 'img'),
(52, 'notey', 'Just a regular cup', NULL, 'https://cdn.discordapp.com/attachments/133332608296681472/332914591782928394/image.jpg', 'img'),
(53, 'notey', 'Sanjit from TalkTalk', NULL, 'https://cdn.discordapp.com/attachments/133332608296681472/248937367535091723/unknown.png', 'img'),
(54, 'notey', 'Kush delivery', NULL, 'https://cdn.discordapp.com/attachments/133332608296681472/192807153965334532/unknown.png', 'img'),
(55, 'notey', 'Break the internet', NULL, 'https://cdn.discordapp.com/attachments/133332608296681472/343211466213818378/Noteybreak.jpg', 'img'),
(56, 'rad', 'Future PFM kill pic', NULL, 'https://cdn.discordapp.com/attachments/133332608296681472/343319573849833473/IMG_3920.png', 'img'),
(57, 'rad', 'E-mail', NULL, 'https://www.youtube.com/watch?v=pNWEwAIhNH0', 'url'),
(58, 'travis', 'Autism test', NULL, 'https://cdn.discordapp.com/attachments/133332608296681472/309831544699355136/unknown.png', 'img'),
(59, 'travis', 'Autism test 2', NULL, 'https://cdn.discordapp.com/attachments/133332608296681472/278711774822268938/unknown.png', 'img'),
(60, 'zizzkka', 'Thanks Janis', NULL, 'https://cdn.discordapp.com/attachments/133332608296681472/336259933366517761/zizzkka_is_a_nig.jpg', 'img'),
(61, 'zizzkka', 'Putin loves nature', NULL, 'https://cdn.discordapp.com/attachments/133332608296681472/239562154812899329/unknown.png', 'img'),
(62, 'zizzkka', 'Zizzkka reveals all', NULL, 'https://cdn.discordapp.com/attachments/133332608296681472/226136520606613505/WoWScrnShot_091616_022514.jpg', 'img'),
(63, 'zizzkka', 'Massive piece of land in Romania', NULL, 'https://cdn.discordapp.com/attachments/133332608296681472/215562907218477056/unknown.png', 'img'),
(64, 'frosty', 'Soak the gays', NULL, 'https://www.youtube.com/watch?v=UFXYYVm5kos', 'url'),
(65, 'doobies', 'OG', NULL, 'https://cdn.discordapp.com/attachments/133332608296681472/343320054584049664/IMG_3900.png', 'img'),
(66, 'doobies', 'In love with the drugs', NULL, 'https://cdn.discordapp.com/attachments/133332608296681472/343320054584049665/IMG_4099.png', 'img');

-- --------------------------------------------------------

--
-- Table structure for table `RedditSubAliases`
--

CREATE TABLE `RedditSubAliases` (
  `alias` varchar(255) NOT NULL,
  `subreddit` varchar(255) NOT NULL
) ENGINE=InnoDB DEFAULT CHARSET=utf8mb4;

-- --------------------------------------------------------

--
-- Table structure for table `RedditSubs`
--

CREATE TABLE `RedditSubs` (
  `subreddit` varchar(255) NOT NULL,
  `is_text` tinyint(1) NOT NULL DEFAULT 0,
  `submitter` varchar(80) NOT NULL,
  `submitted` timestamp NOT NULL DEFAULT current_timestamp() ON UPDATE current_timestamp()
) ENGINE=InnoDB DEFAULT CHARSET=utf8mb4;

-- --------------------------------------------------------

--
-- Table structure for table `Skribbl`
--

CREATE TABLE `Skribbl` (
  `wordID` int(11) NOT NULL,
  `word` varchar(80) NOT NULL,
  `submitter` varchar(80) NOT NULL,
  `submitted` timestamp NOT NULL DEFAULT current_timestamp(),
  `submittedReal` double DEFAULT NULL
) ENGINE=InnoDB DEFAULT CHARSET=utf8mb4;

--
-- Dumping data for table `Skribbl`
--

INSERT INTO `Skribbl` (`wordID`, `word`, `submitter`, `submitted`, `submittedReal`) VALUES
(1, 'dog nonce', '103890994440728576', '2021-06-06 09:02:12', 1603727116.77808),
(2, 'iron star', '103890994440728576', '2021-06-06 09:02:12', 1603727130.39773),
(3, 'method', '103890994440728576', '2021-06-06 09:02:12', 1603727130.39773),
(4, 'sco', '103890994440728576', '2021-06-06 09:02:12', 1603727130.39773),
(5, 'pint', '103890994440728576', '2021-06-06 09:02:12', 1603734823.7061),
(6, 'garrosh', '103890994440728576', '2021-06-06 09:02:12', 1603734823.7061),
(7, 'uwu', '103890994440728576', '2021-06-06 09:02:12', 1603734823.7061),
(8, 'furry', '103890994440728576', '2021-06-06 09:02:12', 1603734823.7061),
(9, 'bane', '103890994440728576', '2021-06-06 09:02:12', 1603734823.7061),
(10, 'durag', '103890994440728576', '2021-06-06 09:02:12', 1603734823.7061),
(11, 'stinky cheese', '103890994440728576', '2021-06-06 09:02:12', 1603734823.7061),
(12, 'danish', '103890994440728576', '2021-06-06 09:02:12', 1603734823.7061),
(13, 'dalmatian', '103890994440728576', '2021-06-06 09:02:12', 1603734823.7061),
(14, 'path', '103890994440728576', '2021-06-06 09:02:12', 1603734823.7061),
(15, 'shadowlands', '103890994440728576', '2021-06-06 09:02:12', 1603734823.7061),
(16, 'slootbag', '103890994440728576', '2021-06-06 09:02:12', 1603734823.7061),
(17, 'fragnance', '103890994440728576', '2021-06-06 09:02:12', 1603734823.7061),
(18, 'roger brown', '103890994440728576', '2021-06-06 09:02:12', 1603734823.7061),
(19, 'preach gaming beanie', '103890994440728576', '2021-06-06 09:02:12', 1603734823.7061),
(20, 'bald', '103890994440728576', '2021-06-06 09:02:12', 1603734823.7061),
(21, 'zoomer', '103890994440728576', '2021-06-06 09:02:12', 1603734823.7061),
(22, 'curry', '103890994440728576', '2021-06-06 09:02:12', 1603734823.7061),
(23, 'loot', '103890994440728576', '2021-06-06 09:02:12', 1603734823.7061),
(24, 'fatboss', '103890994440728576', '2021-06-06 09:02:12', 1603734823.7061),
(25, 'preach gaming', '103890994440728576', '2021-06-06 09:02:12', 1603734823.7061),
(26, 'paragon', '103890994440728576', '2021-06-06 09:02:12', 1603734823.7061),
(27, 'fake taxi', '103890994440728576', '2021-06-06 09:02:12', 1603734823.7061),
(28, 'chad', '103890994440728576', '2021-06-06 09:02:12', 1603734823.7061),
(29, 'boomer', '103890994440728576', '2021-06-06 09:02:12', 1603734823.7061),
(30, 'door', '103890994440728576', '2021-06-06 09:02:12', 1603734823.7061),
(31, 'gross gore', '103890994440728576', '2021-06-06 09:02:12', 1603734823.7061),
(32, 'cataclysm', '103890994440728576', '2021-06-06 09:02:12', 1603734823.7061),
(33, 'tiny hands', '103890994440728576', '2021-06-06 09:02:12', 1603734823.7061),
(34, 'klaxxi', '103890994440728576', '2021-06-06 09:02:12', 1603734823.7061),
(35, 'clown', '103890994440728576', '2021-06-06 09:02:12', 1603734823.7061),
(36, 'gamer word', '103890994440728576', '2021-06-06 09:02:12', 1603734823.7061),
(37, 'imposter', '103890994440728576', '2021-06-06 09:02:12', 1603734823.7061),
(38, 'bag', '103890994440728576', '2021-06-06 09:02:12', 1603734823.7061),
(39, 'jurassic-park', '103890994440728576', '2021-06-06 09:02:12', 1603734823.7061),
(40, 'wheelchair', '103890994440728576', '2021-06-06 09:02:12', 1603734823.7061),
(41, 'siegecrafter', '103890994440728576', '2021-06-06 09:02:12', 1603734823.7061),
(42, 'roof', '103890994440728576', '2021-06-06 09:02:12', 1603734823.7061),
(43, 'heated gaming moment', '103890994440728576', '2021-06-06 09:02:12', 1603734823.7061),
(44, 'pubg', '103890994440728576', '2021-06-06 09:02:12', 1603734823.7061),
(45, 'fel lord zakuun', '103890994440728576', '2021-06-06 09:02:12', 1603734823.7061),
(46, 'skorpyron', '103890994440728576', '2021-06-06 09:02:12', 1603734823.7061),
(47, 'krosus', '103890994440728576', '2021-06-06 09:02:12', 1603734823.7061),
(48, 'archimonde', '103890994440728576', '2021-06-06 09:02:12', 1603734823.7061),
(49, 'gaming chair', '103890994440728576', '2021-06-06 09:02:12', 1603734823.7061),
(50, 'cdew', '103890994440728576', '2021-06-06 09:02:12', 1603734823.7061),
(51, 'dr disrespect', '103890994440728576', '2021-06-06 09:02:12', 1603734823.7061),
(52, 'hotted', '103890994440728576', '2021-06-06 09:02:12', 1603734823.7061),
(53, 'gamer', '103890994440728576', '2021-06-06 09:02:12', 1603734823.7061),
(54, 'nonce', '103890994440728576', '2021-06-06 09:02:12', 1603734823.7061),
(55, 'nigger', '103890994440728576', '2021-06-06 09:02:12', 1603734823.7061),
(56, 'steve', '103890994440728576', '2021-06-06 09:02:12', 1603734823.7061),
(57, 'pints', '103890994440728576', '2021-06-06 09:02:12', 1603734823.7061),
(58, 'jeffs shitted pants', '103890994440728576', '2021-06-06 09:02:12', 1603734823.7061),
(59, 'sydney opera house', '103890994440728576', '2021-06-06 09:02:12', 1603734823.7061),
(60, 'jews', '103890994440728576', '2021-06-06 09:02:12', 1603734823.7061),
(61, 'twin towers', '103890994440728576', '2021-06-06 09:02:12', 1603734823.7061),
(62, 'nazi', '103890994440728576', '2021-06-06 09:02:12', 1603734823.7061),
(63, 'johnny sins', '103890994440728576', '2021-06-06 09:02:12', 1603734823.7061),
(64, 'bossman', '103890994440728576', '2021-06-06 09:02:12', 1603734823.7061),
(65, 'simp', '103890994440728576', '2021-06-06 09:02:12', 1603734823.7061),
(66, 'methodjosh', '103890994440728576', '2021-06-06 09:02:12', 1603734823.7061),
(67, 'siegecrafter belt', '103890994440728576', '2021-06-06 09:02:12', 1603734823.7061),
(68, 'harvey weinstein', '103890994440728576', '2021-06-06 09:02:12', 1603734823.7061),
(69, 'jeffery epstein', '103890994440728576', '2021-06-06 09:02:12', 1603734823.7061),
(70, 'auschwitz', '103890994440728576', '2021-06-06 09:02:12', 1603734823.7061),
(71, 'tekk', '103890994440728576', '2021-06-06 09:02:12', 1603734823.7061),
(72, 'dark shamans', '103890994440728576', '2021-06-06 09:02:12', 1603734823.7061),
(73, 'rodney', '103890994440728576', '2021-06-06 09:02:12', 1603734823.7061),
(74, 'warlords of draenor', '103890994440728576', '2021-06-06 09:02:12', 1603734823.7061),
(75, 'nether tempest', '103890994440728576', '2021-06-06 09:02:12', 1603734823.7061),
(76, 'kungen', '103890994440728576', '2021-06-06 09:02:12', 1603734823.7061),
(77, 'khunee', '103890994440728576', '2021-06-06 09:02:12', 1603734823.7061),
(78, 'lord farquaad', '103890994440728576', '2021-06-06 09:02:12', 1603734823.7061),
(79, 'steven d', '103890994440728576', '2021-06-06 09:02:12', 1603734823.7061),
(80, 'panzer elite', '103890994440728576', '2021-06-06 09:02:12', 1603734823.7061),
(81, 'impostor', '103890994440728576', '2021-06-06 09:02:12', 1603734823.7061),
(82, 'skribbl', '103890994440728576', '2021-06-06 09:02:12', 1603734823.7061),
(83, 'vj emmie', '103890994440728576', '2021-06-06 09:02:12', 1603734823.7061),
(84, 'wireless headphones', '103890994440728576', '2021-06-06 09:02:12', 1603734823.7061),
(85, 'dad', '103890994440728576', '2021-06-06 09:02:12', 1603734823.7061),
(86, 'rank2', '103890994440728576', '2021-06-06 09:02:12', 1603734823.7061),
(87, 'pfm', '103890994440728576', '2021-06-06 09:02:12', 1603734823.7061),
(88, 'quarantine', '103890994440728576', '2021-06-06 09:02:12', 1603734823.7061),
(89, 'ferdy gaming', '103890994440728576', '2021-06-06 09:02:12', 1603734823.7061),
(90, 'military', '103890994440728576', '2021-06-06 09:02:12', 1603734823.7061),
(91, 'usa', '103890994440728576', '2021-06-06 09:02:12', 1603734823.7061),
(92, 'tusks', '103890994440728576', '2021-06-06 09:02:12', 1603734823.7061),
(93, 'conveyor belt', '103890994440728576', '2021-06-06 09:02:12', 1603734823.7061),
(94, 'caramelldansen', '103890994440728576', '2021-06-06 09:02:12', 1603734823.7061),
(95, 'alah u akhbar', '103890994440728576', '2021-06-06 09:02:12', 1603734823.7061),
(96, 'allahu akbar', '103890994440728576', '2021-06-06 09:02:12', 1603734823.7061),
(97, 'towelliee', '103890994440728576', '2021-06-06 09:02:12', 1603734823.7061),
(98, 'hardstyle', '103890994440728576', '2021-06-06 09:02:12', 1603734823.7061),
(99, 'lorgokz', '103890994440728576', '2021-06-06 09:02:12', 1603734823.7061),
(100, 'gotoi toi-toi', '103890994440728576', '2021-06-06 09:02:12', 1603734823.7061),
(101, 'belle delphine', '103890994440728576', '2021-06-06 09:02:12', 1603734823.7061),
(102, 'withered jim', '103890994440728576', '2021-06-06 09:02:12', 1603734823.7061),
(103, 'king deepbeard', '103890994440728576', '2021-06-06 09:02:12', 1603734823.7061),
(104, 'lorgok', '103890994440728576', '2021-06-06 09:02:12', 1603734823.7061),
(105, 'swedistan', '103890994440728576', '2021-06-06 09:02:12', 1603734823.7061),
(106, 'ferdyg hairline', '103890994440728576', '2021-06-06 09:02:12', 1603734823.7061),
(107, 'loot horny dwarf', '103890994440728576', '2021-06-06 09:02:12', 1603734823.7061),
(108, 'covid-19', '103890994440728576', '2021-06-06 09:02:12', 1603734823.7061),
(109, 'richard', '103890994440728576', '2021-06-06 09:02:12', 1603734823.7061),
(110, 'ancient spell', '103890994440728576', '2021-06-06 09:02:12', 1603734823.7061),
(111, 'trump', '103890994440728576', '2021-06-06 09:02:12', 1603743325.56915),
(112, 'hoobashanknword', '103890994440728576', '2021-06-06 09:02:12', 1603743358.88441),
(113, 'ferdyg', '103890994440728576', '2021-06-06 09:02:12', 1603750689.16135),
(114, 'jeff', '103890994440728576', '2021-06-06 09:02:12', 1603750689.16136),
(115, 'rad', '103890994440728576', '2021-06-06 09:02:12', 1603750689.16136),
(116, 'kim jong-un', '103890994440728576', '2021-06-06 09:02:12', 1603750963.75191),
(117, 'jimmy neutron', '103890994440728576', '2021-06-06 09:02:12', 1603750963.75192),
(118, 'thicc', '103890994440728576', '2021-06-06 09:02:12', 1603750963.75193),
(119, 'asmongold', '103890994440728576', '2021-06-06 09:02:12', 1603750963.75193),
(120, 'bagpipes', '103890994440728576', '2021-06-06 09:02:12', 1603750963.75194),
(121, 'diss track', '103890994440728576', '2021-06-06 09:02:12', 1603750963.75194),
(122, 'guillotine', '103890994440728576', '2021-06-06 09:02:12', 1603750963.75195),
(123, 'terrorist', '103890994440728576', '2021-06-06 09:02:12', 1603750963.75195),
(124, 'pope', '103890994440728576', '2021-06-06 09:02:12', 1603750963.75195),
(125, 'dummy thicc', '103890994440728576', '2021-06-06 09:02:12', 1603752088.84419),
(126, 'prezla', '103890994440728576', '2021-06-06 09:02:12', 1603752246.16902),
(127, 'anime', '103890994440728576', '2021-06-06 09:02:12', 1603752331.43944),
(128, 'weeb', '103890994440728576', '2021-06-06 09:02:12', 1603752331.43945),
(129, 'cursed', '103890994440728576', '2021-06-06 09:02:12', 1603752331.43945),
(130, 'ion hazzikostas', '103890994440728576', '2021-06-06 09:02:12', 1603752331.43946),
(131, 'celestalon', '103890994440728576', '2021-06-06 09:02:12', 1603752331.43946),
(132, 'back to bed', '103890994440728576', '2021-06-06 09:02:12', 1603752773.83501),
(133, 'eggplant', '103890994440728576', '2021-06-06 09:02:12', 1603752773.83501),
(134, 'akon', '103890994440728576', '2021-06-06 09:02:12', 1603752773.83502),
(135, 'lean', '103890994440728576', '2021-06-06 09:02:12', 1603752773.83503),
(136, 'afro', '103890994440728576', '2021-06-06 09:02:12', 1603752773.83503),
(137, 'zoom', '103890994440728576', '2021-06-06 09:02:12', 1603752773.83504),
(138, 'smug', '103890994440728576', '2021-06-06 09:02:12', 1603752773.83504),
(139, 'snob', '103890994440728576', '2021-06-06 09:02:12', 1603752773.83504),
(140, 'vent', '103890994440728576', '2021-06-06 09:02:12', 1603752773.83505),
(141, 'wise man', '103890994440728576', '2021-06-06 09:02:12', 1603752773.83505),
(142, 'pedo', '103890994440728576', '2021-06-06 09:02:12', 1603752773.83506),
(143, 'stalker', '103890994440728576', '2021-06-06 09:02:12', 1603754030.74407),
(144, 'racist', '103890994440728576', '2021-06-06 09:02:12', 1603754450.74492),
(145, 'antifa', '103890994440728576', '2021-06-06 09:02:12', 1603754450.74492),
(146, 'proud boys', '103890994440728576', '2021-06-06 09:02:12', 1603754450.74493),
(147, 'soyboy', '103890994440728576', '2021-06-06 09:02:12', 1603754450.74493),
(148, 'obese', '103890994440728576', '2021-06-06 09:02:12', 1603754450.74494),
(149, '4chan', '103890994440728576', '2021-06-06 09:02:12', 1603754450.74494),
(150, 'reddit', '103890994440728576', '2021-06-06 09:02:12', 1603754450.74495),
(151, 'wowui', '103890994440728576', '2021-06-06 09:02:12', 1603754450.74495),
(152, 'social justice warrior', '103890994440728576', '2021-06-06 09:02:12', 1603754476.22808),
(153, 'lockdown', '103890994440728576', '2021-06-06 09:02:12', 1603754816.29005),
(154, 'twitch', '133877813773205505', '2021-06-06 09:02:12', 1603804720.32737),
(155, 'the succ', '133877813773205505', '2021-06-06 09:02:12', 1603804720.32738),
(156, 'paul walker', '133877813773205505', '2021-06-06 09:02:12', 1603804720.32739),
(157, 'xyronic', '133877813773205505', '2021-06-06 09:02:12', 1603804720.3274),
(158, 'hyperx', '133877813773205505', '2021-06-06 09:02:12', 1603804720.3274),
(159, 'mark henry', '133877813773205505', '2021-06-06 09:02:12', 1603804720.3274),
(160, 'john cena', '133877813773205505', '2021-06-06 09:02:12', 1603804720.32741),
(161, 'treckie', '103890994440728576', '2021-06-06 09:02:12', 1603818208.08918),
(162, 'boris johnson', '103890994440728576', '2021-06-06 09:02:12', 1603831022.55053),
(163, 'athene', '103890994440728576', '2021-06-06 09:02:12', 1603831022.55053),
(164, 'bat soup', '103890994440728576', '2021-06-06 09:02:12', 1603831022.55054),
(165, 'disabled', '103890994440728576', '2021-06-06 09:02:12', 1603831091.36139),
(166, 'retard', '103890994440728576', '2021-06-06 09:02:12', 1603831091.3614),
(167, 'wuhan', '103890994440728576', '2021-06-06 09:02:12', 1603831719.7294),
(168, 'basketball american', '103890994440728576', '2021-06-06 09:02:12', 1603831719.72941),
(169, 'shit', '103890994440728576', '2021-06-06 09:02:12', 1603831719.72941),
(170, 'emoji', '103890994440728576', '2021-06-06 09:02:12', 1603831719.72942),
(171, 'discord', '103890994440728576', '2021-06-06 09:02:12', 1603831719.72942),
(172, 'templar', '103890994440728576', '2021-06-06 09:02:12', 1603831719.72943),
(173, 'weakauras', '103890994440728576', '2021-06-06 09:02:12', 1603831719.72944),
(174, 'sam', '103890994440728576', '2021-06-06 09:02:12', 1603833839.85956),
(175, 'dumptruck', '103890994440728576', '2021-06-06 09:02:12', 1603833881.22785),
(176, 'gothyb', '133875264995328000', '2021-06-06 09:02:12', 1603833931.64808),
(177, 'beanpole', '133706422767583232', '2021-06-06 09:02:12', 1603833976.60085),
(178, 'slaphead', '133706422767583232', '2021-06-06 09:02:12', 1603833997.09398),
(179, 'spacker', '133875264995328000', '2021-06-06 09:02:12', 1603834005.56598),
(180, 'if it has spaces put quotes around it', '129896797442277376', '2021-06-06 09:02:12', 1603834074.55497),
(181, 'jacuzzi', '133877813773205505', '2021-06-06 09:02:12', 1603834322.07875),
(182, 'big chungus', '133877813773205505', '2021-06-06 09:02:12', 1603834322.07876),
(183, 'military base', '133877813773205505', '2021-06-06 09:02:12', 1603834322.07876),
(184, 'ram ranch', '103890994440728576', '2021-06-06 09:02:12', 1603834432.15277),
(185, 'cockship', '103890994440728576', '2021-06-06 09:02:12', 1603834432.15277),
(186, 'corona', '167665892111548416', '2021-06-06 09:02:12', 1603835530.52941),
(187, 'marge', '144845622464217088', '2021-06-06 09:02:12', 1603835600.60419);

-- --------------------------------------------------------

--
-- Table structure for table `Tidstyver`
--

CREATE TABLE `Tidstyver` (
  `userID` varchar(80) NOT NULL,
  `stolen` double NOT NULL
) ENGINE=InnoDB DEFAULT CHARSET=utf8mb4;

--
-- Dumping data for table `Tidstyver`
--

INSERT INTO `Tidstyver` (`userID`, `stolen`) VALUES
('103890994440728576', 23.5106875896454),
('134812126844944385', 7229.03845071793),
('136501877452832769', 67705.2913634777),
('155686517858107392', 91.9987006187439),
('178865252237180929', 50.9581425189972),
('185001859931439104', 212.95695400238),
('195257032389951488', 293.035760879517),
('560501841255727115', 25.68594622612);

--
-- Indexes for dumped tables
--

--
-- Indexes for table `GamingMoments`
--
ALTER TABLE `GamingMoments`
  ADD PRIMARY KEY (`userID`);

--
-- Indexes for table `Goodmorning`
--
ALTER TABLE `Goodmorning`
  ADD PRIMARY KEY (`id`);

--
-- Indexes for table `MediaTypes`
--
ALTER TABLE `MediaTypes`
  ADD PRIMARY KEY (`media_type`);

--
-- Indexes for table `PFM_Memes`
--
ALTER TABLE `PFM_Memes`
  ADD PRIMARY KEY (`id`),
  ADD KEY `pfmm_media_type` (`media_type`);

--
-- Indexes for table `RedditSubAliases`
--
ALTER TABLE `RedditSubAliases`
  ADD PRIMARY KEY (`alias`),
  ADD KEY `RedditSubAlias_to_RedditSubsSubreddit` (`subreddit`);

--
-- Indexes for table `RedditSubs`
--
ALTER TABLE `RedditSubs`
  ADD PRIMARY KEY (`subreddit`);

--
-- Indexes for table `Skribbl`
--
ALTER TABLE `Skribbl`
  ADD PRIMARY KEY (`wordID`),
  ADD UNIQUE KEY `word` (`word`) USING BTREE;

--
-- Indexes for table `Tidstyver`
--
ALTER TABLE `Tidstyver`
  ADD PRIMARY KEY (`userID`);

--
-- AUTO_INCREMENT for dumped tables
--

--
-- AUTO_INCREMENT for table `Goodmorning`
--
ALTER TABLE `Goodmorning`
  MODIFY `id` int(11) NOT NULL AUTO_INCREMENT, AUTO_INCREMENT=834;

--
-- AUTO_INCREMENT for table `PFM_Memes`
--
ALTER TABLE `PFM_Memes`
  MODIFY `id` int(11) NOT NULL AUTO_INCREMENT, AUTO_INCREMENT=67;

--
-- AUTO_INCREMENT for table `Skribbl`
--
ALTER TABLE `Skribbl`
  MODIFY `wordID` int(11) NOT NULL AUTO_INCREMENT, AUTO_INCREMENT=188;

--
-- Constraints for dumped tables
--

--
-- Constraints for table `PFM_Memes`
--
ALTER TABLE `PFM_Memes`
  ADD CONSTRAINT `pfmm_media_type` FOREIGN KEY (`media_type`) REFERENCES `MediaTypes` (`media_type`);

--
-- Constraints for table `RedditSubAliases`
--
ALTER TABLE `RedditSubAliases`
  ADD CONSTRAINT `RedditSubAlias_to_RedditSubsSubreddit` FOREIGN KEY (`subreddit`) REFERENCES `RedditSubs` (`subreddit`) ON DELETE CASCADE;
COMMIT;

/*!40101 SET CHARACTER_SET_CLIENT=@OLD_CHARACTER_SET_CLIENT */;
/*!40101 SET CHARACTER_SET_RESULTS=@OLD_CHARACTER_SET_RESULTS */;
/*!40101 SET COLLATION_CONNECTION=@OLD_COLLATION_CONNECTION */;
